"seller_id","first_name","middle_name","last_name","email","contact_number"
1,"Diana","Raven","Miller","lowedavid@example.org","(752)793-6752x3186"
2,"Daniel","Lisa","Porter","youngcheryl@example.com","947-300-0079x719"
3,"Nancy","Austin","Williams","smithrobert@example.com","514-586-0179x64518"
4,"Michael","Kelli","Stone","jessica35@example.net","(489)816-0047x82712"
5,"Andrea","Christopher","Allen","jeffreybrown@example.org","841.224.3585x07683"
6,"Christopher","Madison","Medina","caguirre@example.net","507-879-2443"
7,"Benjamin","Julian","Simmons","averynathan@example.net","568.859.5414x6168"
8,"Jonathan","Robert","Osborne","nicholasmaddox@example.com","822-361-6969"
9,"Linda","David","Austin","kyle26@example.net","(375)934-9661x12915"
10,"Jose","Andrew","Nichols","pattonamber@example.org","633.600.3875"
11,"Jeffrey","Carlos","Anderson","robert34@example.net","001-677-257-2415x952"
12,"Brittany","Heidi","Morris","nduarte@example.org","(268)821-6017"
13,"Brandon","Marco","Porter","whiteleslie@example.org","(652)327-2224"
14,"Mary","Keith","Martinez","gwebb@example.com","457.544.6743"
15,"Nicholas","Tracy","Gutierrez","steven16@example.com",2385500084
16,"Alyssa","Shannon","Choi","morrisoncraig@example.com","733-383-6932x476"
17,"Rose","Chloe","Williams","nathanwilliams@example.org","001-418-837-9802x102"
18,"Leslie","Adam","Smith","lewischristina@example.org","(872)714-9586x707"
19,"Diana","Valerie","Nixon","samantharobertson@example.org","410-954-7889x774"
20,"Justin","Melissa","Hill","sstrickland@example.org","641-949-0604x96280"
21,"Dustin","Jamie","Patterson","nlloyd@example.org","+1-776-493-6785x912"
22,"Jacqueline","Christine","Ward","nicholasbernard@example.org","945.289.6669"
23,"Emily","Adrian","Hawkins","briana27@example.com","001-265-910-0143x312"
24,"Michael","John","Young","villegasmary@example.org","593-749-8539x554"
25,"Susan","Marcus","Lee","billy84@example.com","001-225-381-8545x718"
26,"Matthew","Lisa","Webb","warnermichael@example.com","001-736-883-6946"
27,"Morgan","Noah","Gibson","nwagner@example.com","608.243.0273"
28,"Joseph","Marie","Adams","hwilliams@example.net",7993166346
29,"Albert","Linda","Franco","kimberlymoore@example.net","(766)389-3774x7998"
30,"Monica","Erica","Rhodes","johnsonvictoria@example.org","+1-733-396-1026x260"
31,"Brian","Ryan","Cooper","tammy04@example.org","+1-492-226-8525x327"
32,"Donna","Jared","Lee","janet15@example.net","410.879.6634x707"
33,"Matthew","David","Robbins","ybutler@example.net","+1-378-238-6791x6665"
34,"Alicia","Anthony","Shannon","pamelasantos@example.net",4998848170
35,"Michael","Bruce","Vasquez","greensergio@example.net","(296)495-9365"
36,"Sandra","Kayla","Hoffman","adamscott@example.org","(917)300-5111x503"
37,"Nicholas","Gregory","Morris","joshuamoore@example.net","+1-598-833-5894"
38,"Johnathan","Casey","Rose","murphymelissa@example.com","001-372-988-5781x5363"
39,"Kimberly","Peter","Waters","vfrederick@example.org","001-957-815-5781x297"
40,"Kent","Joshua","Collins","april90@example.com","219.387.6734"
41,"Nicholas","Steven","Pham","hansenpaul@example.org","231.804.8016x8022"
42,"Eric","Julie","Noble","daniel86@example.net","983.903.2868"
43,"Crystal","Kaitlyn","Ward","janicesilva@example.net","792-790-6268x967"
44,"Brandon","Allison","Love","kristenowens@example.net","575.680.6709x079"
45,"Kristen","Angela","Wilson","rodriguezdebra@example.net","+1-490-684-5206x242"
46,"Marissa","Billy","Bell","rhodestaylor@example.org","273-700-4947"
47,"Lee","Andrea","Bolton","martinnicole@example.com","(856)565-7117x547"
48,"James","Andrew","Montoya","ukeller@example.com",5868743666
49,"Frank","Jennifer","Kennedy","freemanmelvin@example.com","(791)645-9100x7831"
50,"Kenneth","James","Garcia","chelsea85@example.org","899-970-3242x07731"
51,"Leslie","Sydney","Sweeney","megan60@example.com","+1-203-451-6958"
52,"Daniel","Tracey","Watson","jeanette23@example.net","319-856-8760x1436"
53,"Joshua","Michael","Smith","morgangreene@example.com",2696608887
54,"Erin","Kevin","Rodriguez","jonesallen@example.org","201-446-5775"
55,"Aaron","Alison","Lewis","halledward@example.net","001-245-655-6944x1291"
56,"Dennis","Brandi","Little","swansonjoshua@example.org","773-324-1048x00184"
57,"Shirley","Cody","Cameron","amybennett@example.com","349-651-9901x7547"
58,"Devin","Roberta","Cabrera","mandy81@example.com","+1-351-414-8820x36311"
59,"Allen","Gregory","Frederick","beverlywatson@example.net","994-602-1404x0212"
60,"Laura","Nancy","Garcia","sandrasmith@example.org","539-806-4114"
61,"Carolyn","Jonathan","Ritter","usmith@example.com","591-569-6033x77477"
62,"Andrew","Jerry","Johnson","ofernandez@example.com","+1-531-817-5114"
63,"Brian","Lindsey","Tucker","dcoleman@example.org","+1-410-694-9684"
64,"Jennifer","Jeffrey","Brooks","kestrada@example.net","001-304-413-5334x796"
65,"Kevin","Jared","Mckay","schmidtgregory@example.com","+1-800-526-8444"
66,"Susan","Joshua","Moyer","powelleric@example.com","001-563-329-9248x03613"
67,"Dennis","David","Garcia","donaldray@example.com","(210)244-0866"
68,"Susan","Teresa","Hall","qbenton@example.com","916.418.3158"
69,"Colin","Julia","Cole","pwolf@example.net","+1-757-801-5849x906"
70,"Jared","Frederick","Allen","bstephens@example.com","568-449-6853x8301"
71,"David","Stephen","Price","iwalters@example.org","(274)623-4392x44486"
72,"Timothy","Alan","Gonzalez","manuel23@example.org","648.532.5555x816"
73,"David","Tracy","Cox","teresa56@example.com","+1-864-343-8153x376"
74,"Paul","Olivia","Allen","hchan@example.net","399-420-6184"
75,"Matthew","Shannon","Parks","bonnie58@example.net","(289)794-8678x85530"
76,"Mario","Anthony","Wong","haydenholden@example.net","+1-974-216-5851"
77,"Eric","John","Burnett","trevinomichael@example.org","001-524-616-2282"
78,"Mary","Amanda","Armstrong","erinclark@example.com","645-994-1686x218"
79,"Benjamin","Benjamin","Evans","kiara50@example.com","757-495-9160x2838"
80,"Mary","Derrick","White","markblake@example.net","(951)729-3908x751"
81,"Melvin","Jacob","Clarke","rmoore@example.com","(845)222-0798"
82,"Kimberly","Jamie","Miller","ambersmith@example.net",5142575902
83,"Benjamin","Joseph","Garcia","robert25@example.net","764.620.8386x96807"
84,"Scott","Diane","Winters","randy50@example.org","(841)791-9407x880"
85,"Thomas","Marie","Byrd","jason52@example.org","957.275.9948x17094"
86,"Brent","Gloria","Peterson","aaron23@example.org","001-824-534-3917x690"
87,"Stacey","Michael","Mclean","emilygarcia@example.org","+1-254-909-1977x6824"
88,"Keith","Kimberly","Krause","drobinson@example.net","583.781.7030"
89,"Richard","Paul","Payne","lisa46@example.com","(725)972-2607"
90,"Danny","Kristie","Owens","angela25@example.org","(861)700-9964"
91,"Kimberly","Kathy","Le","sara46@example.net","(366)774-8072"
92,"Michael","Theresa","Irwin","michellephillips@example.org","+1-626-773-4372x9650"
93,"Colton","Shelly","Davis","travis15@example.com","+1-639-521-9495"
94,"Kristy","Michael","Turner","kimwilliams@example.org","348.333.4622"
95,"Jonathan","John","Moore","terrywalls@example.net","001-733-217-3234"
96,"Phillip","Rebecca","Castro","johnsonlinda@example.org","001-732-290-4068x06986"
97,"Jesse","Richard","Nelson","ugarcia@example.com","767.814.5853"
98,"Christopher","Sergio","Villa","claudia87@example.com","396-458-3787"
99,"Edward","Michelle","Mcclure","baileykelly@example.net","851.318.0276"
100,"Brandon","Justin","Palmer","xgalloway@example.com","001-570-948-9158x574"
101,"Linda","Morgan","Pacheco","eduarte@example.net","+1-283-264-5447x60607"
102,"Karen","Jennifer","Rush","knightrobert@example.org","001-840-418-4127x65608"
103,"Robert","Jason","Palmer","anthony48@example.org","001-468-468-2080x62801"
104,"Aaron","Toni","Chandler","teresabryant@example.org",6514441227
105,"Teresa","Sharon","Klein","hensonsamantha@example.com","001-744-524-2211x79081"
106,"Andrea","Richard","Soto","kmiller@example.org","754.526.5454"
107,"Michelle","Tracey","Mcdowell","preston95@example.com","+1-297-615-5328x384"
108,"Bryan","Shannon","Pham","jonesrichard@example.com","(252)608-6601x85274"
109,"Hailey","Theodore","Ramos","rogerbooker@example.org","(712)397-3573"
110,"Stephanie","Mario","Dunlap","susan03@example.net","(881)984-7459"
111,"Nathan","Michelle","Powell","lpetersen@example.com","922-781-0023x1333"
112,"Brian","Michael","Watts","peterkeith@example.org","399-862-8595"
113,"Dwayne","Nicholas","Montgomery","lisabryan@example.com","508.736.4816"
114,"Ronald","Hannah","Crawford","karenwoods@example.org","369-923-4744x7879"
115,"Aaron","Crystal","Miller","piercewayne@example.net","760-716-8189"
116,"Heather","Michael","Lynch","sandrastewart@example.org","528.477.7347x9371"
117,"Frederick","Alan","Schmidt","kmay@example.org","(445)838-3279x388"
118,"Danielle","Alejandra","Scott","christianhicks@example.com","526-793-8512"
119,"Gary","Melissa","Price","rebekah97@example.org","845.388.1894x110"
120,"Lori","Deborah","Reed","jeffreytaylor@example.org","294-899-6888x9356"
121,"David","Jason","Phillips","victoria17@example.org","+1-217-507-7150x90228"
122,"Melissa","Tiffany","Wilson","bdiaz@example.com",5298700904
123,"Jennifer","Brian","Frye","jeffrey75@example.org","(970)894-7899"
124,"Paul","Megan","Turner","jacquelinefletcher@example.org","001-667-357-8687"
125,"Courtney","John","Preston","stephaniemcclain@example.org","+1-543-598-1658"
126,"Laura","Frank","Gay","nicolebrady@example.org","734-855-4954x42713"
127,"Keith","Ashley","Reese","monicaacosta@example.com","+1-838-725-4596"
128,"Jennifer","Peter","Sanchez","dennis85@example.org","952-544-3998x660"
129,"Kristin","Crystal","Schneider","deanna53@example.com","(555)233-3034x84990"
130,"Rebekah","Brianna","Russell","julie32@example.org","(718)367-3998x7825"
131,"Joshua","Jonathan","Miller","robinclark@example.com","+1-278-392-6216"
132,"Veronica","Matthew","Ellis","handerson@example.com","643-892-4299x977"
133,"Micheal","Laura","Middleton","lynchrobert@example.org","848.657.1773"
134,"Jason","Brittany","Morgan","cmartinez@example.net","980-253-7668x6039"
135,"Richard","Dennis","Joyce","martinezkathleen@example.org","714.828.0955"
136,"Justin","Steven","Oneal","jaclyngeorge@example.org","(708)489-9427"
137,"Bryan","Victoria","Randall","kenneth58@example.com","505-399-7621x101"
138,"Miguel","David","Becker","ralph20@example.com","337-496-7847"
139,"Curtis","Brandon","Kennedy","owarren@example.com","001-273-308-4730"
140,"Karen","Karen","Morris","jacqueline58@example.net","001-341-457-3695x5371"
141,"Charles","Maria","Robinson","derrickwang@example.net","(381)462-8012x13892"
142,"Kelly","Elijah","Andrews","erica36@example.net","(776)953-4380"
143,"Deborah","Daniel","Beasley","jmarquez@example.com",4587850548
144,"Cynthia","Theresa","Murphy","rnelson@example.net","+1-801-974-8439x1987"
145,"Matthew","Dorothy","Watkins","pachecocandace@example.com","+1-291-941-1646"
146,"Ana","Shannon","Archer","brian90@example.com","443-861-1845x092"
147,"Emily","Kevin","Garza","gdavis@example.org","894.267.1065x9850"
148,"Kathleen","Jennifer","House","john57@example.net","+1-292-489-6388x251"
149,"Robert","Rodney","Page","williamstevens@example.net","531.667.5535"
150,"Sandra","Christopher","Hampton","ronald83@example.com","+1-616-581-2270"
151,"Andrea","Kevin","Cisneros","tammymahoney@example.net","780.602.5251"
152,"Melissa","William","Roberts","znunez@example.com","001-960-411-0161"
153,"Heather","Miranda","Moody","abigail78@example.net","(574)804-1072x2080"
154,"Julia","Mario","Harmon","whernandez@example.net","496-573-9264x663"
155,"Kevin","Michael","Owens","john83@example.com","001-873-790-1240x15880"
156,"Donald","Christopher","Williams","cameronperry@example.net","827-503-5020x06417"
157,"Ashley","Stephanie","Lopez","wknight@example.org",8313458771
158,"Amy","Wayne","Porter","williamsamber@example.net",2288717680
159,"Willie","Deborah","Dyer","amberjuarez@example.org","(924)390-1662"
160,"Thomas","Brian","Dominguez","patricia68@example.net",9504970607
161,"Thomas","Carrie","Hall","egomez@example.com","+1-933-365-4600"
162,"Richard","Andrea","Martin","katiewalker@example.com",4109151463
163,"Kristie","Ashley","Logan","amandaroberson@example.com","(590)756-6149x476"
164,"Julie","Dennis","Meyers","dustin79@example.net","+1-987-416-6908x091"
165,"Elizabeth","Donna","Hensley","baileyprice@example.com","+1-281-948-5428x0511"
166,"Travis","Vicki","Trujillo","wendy01@example.net","467-994-4150x5389"
167,"Patricia","John","Baldwin","leonarddillon@example.net","383-693-5175"
168,"Ryan","Carolyn","Galvan","victoria22@example.net","(829)446-7931"
169,"Melissa","Joshua","Griffin","hmack@example.com",3588851203
170,"Corey","Susan","Caldwell","kyle44@example.com",5536265116
171,"Carolyn","Chad","Hensley","esmith@example.net","361-696-6402x86673"
172,"Juan","Michael","Smith","denise75@example.net","(503)503-6824x969"
173,"Dawn","Jeremy","Smith","sueanthony@example.com","001-400-330-9694x913"
174,"Kaitlyn","Marcus","Wade","yolanda28@example.net","736-578-4324x38220"
175,"Bernard","Vickie","Smith","qturner@example.net","(562)271-0624x807"
176,"Tina","Elizabeth","Palmer","aguilarmelissa@example.com","+1-493-295-9204x271"
177,"Shawn","Tyler","Smith","mcdonaldanna@example.com",7338726224
178,"Crystal","Rebecca","Brooks","martinezbrandon@example.net","(202)415-6348x01736"
179,"David","Christopher","Davidson","yolanda04@example.com","298-593-0175x34770"
180,"Robert","Joseph","Martinez","april99@example.org",2919050774
181,"Nicholas","Mark","Mendoza","rjennings@example.net","(574)454-1495x823"
182,"Luis","William","Bailey","traceyperez@example.com","322.839.9699"
183,"Sherri","Shelby","Welch","matthewyork@example.org","(259)236-8967"
184,"Sydney","Donald","Martinez","allison60@example.org","602.930.8940x32772"
185,"John","Brad","Smith","robertsdonald@example.org","+1-709-209-4529"
186,"Hannah","Elizabeth","Bush","nrussell@example.com","(887)730-2388"
187,"Allison","Carl","Casey","sarah77@example.org","702-279-1190x10425"
188,"Teresa","Tammy","Snyder","riverabriana@example.net","001-386-913-2784x5921"
189,"Patrick","Michael","Bauer","fmccormick@example.com","001-439-806-7280x1682"
190,"Amanda","Brittany","Blackburn","espinozaaaron@example.net","956-999-2517"
191,"Morgan","Angela","Gordon","darrenvelazquez@example.net","001-348-334-7999x390"
192,"Brooke","Brent","Cobb","suttonmatthew@example.org","795.318.9172x952"
193,"Jeffrey","Anthony","Sherman","reginaburgess@example.com",4085253788
194,"Lisa","Michael","Monroe","kimberlywright@example.org","928.944.2248x8625"
195,"Brian","Tiffany","Wilson","hayneszachary@example.net","(484)558-5728"
196,"Lisa","Alexander","Brooks","palvarado@example.com","001-267-345-3537"
197,"Mark","Paul","Skinner","kpearson@example.net","+1-660-741-9980"
198,"Monica","Michelle","Wallace","ramosjohn@example.org","(406)903-3641x8062"
199,"Sara","Karen","Walker","hugheskyle@example.net","875.713.2003"
200,"Teresa","Abigail","Lucas","paigehowe@example.com","877.547.2189"
201,"Cody","Meghan","Johnson","dylanklein@example.net","(436)238-1376"
202,"Michelle","James","Wilson","nancy11@example.com","001-592-771-2485x32526"
203,"Randall","Zachary","Joseph","mooreamanda@example.net","+1-763-205-1717x4216"
204,"David","Stephanie","Morris","mooreethan@example.net","205.560.5926"
205,"Jonathan","Tammy","Lewis","torresscott@example.net","001-235-330-4048x59852"
206,"Brandon","Teresa","Lewis","silvajohn@example.com","810-428-0623x6519"
207,"Troy","Lawrence","Cardenas","reedtiffany@example.net","258.945.8066x2381"
208,"Anthony","Maria","Palmer","julieclay@example.com","892.594.6450x816"
209,"Amber","Daniel","Hoffman","jennifer57@example.com","901.839.1152x6592"
210,"Brian","Joyce","Drake","kathrynkaufman@example.net","(235)926-5572"
211,"Ronald","Heather","Weber","kelseybaker@example.org","459.856.6246"
212,"Daniel","Carolyn","Flores","corey65@example.net","919.610.0309"
213,"Julie","Rebecca","Johnson","marybrooks@example.com","+1-351-914-9009x4993"
214,"Desiree","Ashley","Reynolds","nhicks@example.net","774.364.6331x762"
215,"James","Michael","Wilson","washingtonearl@example.net","999-828-2521x968"
216,"Ricky","John","Robertson","cathy62@example.net","424.517.9968"
217,"Peter","Grace","Riggs","ovaldez@example.com","+1-771-967-1768x95878"
218,"Barbara","Amy","Woods","martinanthony@example.net","224.819.9089"
219,"Calvin","Stanley","James","wburton@example.com","001-841-347-1672x540"
220,"Juan","Paul","Green","jeffrey05@example.org","(988)805-3995x46336"
221,"Larry","Brian","Johnson","qobrien@example.org","319-251-8594"
222,"Sara","Scott","Curry","ochandler@example.org","001-458-807-2193"
223,"Adam","Heather","Taylor","tamarabuck@example.com","001-794-519-2662x66651"
224,"Kayla","Robin","Mcgrath","mherring@example.org","552.575.0499"
225,"Eddie","Misty","Robertson","melindagrimes@example.net","+1-625-924-2774x16132"
226,"Brittany","Michael","Bernard","dawsonkendra@example.com","495-719-7054"
227,"Victoria","Jessica","Turner","elizabethhoward@example.com",8444595322
228,"Kelsey","Danny","Barrett","frivera@example.org","001-255-520-5271x13404"
229,"Marcus","George","Maynard","joshua06@example.com","001-799-644-4498x460"
230,"Frederick","Angel","Lee","cheryl74@example.org","235-575-8178x79005"
231,"Andrew","Austin","Henry","amanda62@example.net","411.971.6985x88915"
232,"Jonathan","Kelsey","Brown","yualexis@example.org",3149971075
233,"Catherine","Bernard","Mcdowell","bmcguire@example.com","682-456-6049x1811"
234,"Amber","Jennifer","Simon","gonzalezlaura@example.org","+1-965-287-1570x80949"
235,"Michael","Thomas","Romero","wrightadam@example.org","+1-603-844-8293x3651"
236,"Douglas","Jenna","Hill","philip74@example.org","796-897-7000x426"
237,"Dean","Kristy","White","powellmark@example.com","+1-973-425-6684x4439"
238,"Jason","Steven","Bennett","cooleyheidi@example.com","(621)835-6653x311"
239,"Gary","Oscar","Le","carlosfaulkner@example.org","928.539.0526"
240,"Andrew","Mercedes","Davis","rhondarivera@example.com","572-697-0338"
241,"Gregory","Dustin","Durham","omartin@example.net","310-348-9500x04691"
242,"Alexander","Derek","Bryant","danielle62@example.org",3587240752
243,"Alison","Sabrina","Finley","bvang@example.com",2189545271
244,"Cody","Kevin","Acosta","qmay@example.org","610.423.3280x77743"
245,"Cheryl","Kevin","Mosley","suarezjohnny@example.org","974-758-6802x8303"
246,"Jeffrey","Karen","Cooper","usmith@example.net","675-978-2713x7581"
247,"Stephanie","Craig","Chambers","vgordon@example.com","868.827.6932x372"
248,"Nicole","Adam","Anderson","jenniferwatson@example.net","(627)674-8387x52566"
249,"Clifford","Jennifer","Galloway","gcannon@example.net","738.906.5888"
250,"Melissa","Holly","Henry","jimmy97@example.net","837.996.8959x5273"
251,"Charles","Mark","Fox","aallen@example.com","829-911-8487"
252,"Christopher","Stephanie","Carroll","sergiodaugherty@example.org","640-743-8571"
253,"Derek","Joanne","Rogers","justinrussell@example.net","770.802.6858"
254,"Christopher","Joshua","Reed","snydereric@example.com","(575)355-7543"
255,"Michael","Adam","Bartlett","longjonathan@example.net","397-329-1220"
256,"Don","Jeffery","Stewart","angela61@example.net","(497)318-4139x665"
257,"Ryan","Christopher","Shelton","lisasantos@example.com","(436)860-5216x58206"
258,"Betty","Pam","Thompson","johnsonjennifer@example.org","462-515-1646"
259,"Gary","Kathleen","Roberts","william96@example.com","(479)605-0807x57280"
260,"Jennifer","Randy","Arias","kfoster@example.org","406.273.1355x77092"
261,"Scott","Jason","Ruiz","sandrajones@example.net","623-681-8686x2063"
262,"Diana","Rebekah","Graham","ronald59@example.org","+1-254-402-2264x187"
263,"Christopher","Calvin","Benson","cynthia26@example.org","+1-417-839-6834x76629"
264,"Heather","Jeremy","Brown","carpenterchristine@example.com","001-433-281-6663x6753"
265,"Debra","Jennifer","Kim","hornjohn@example.net","(777)445-3582x24745"
266,"Joseph","Stefanie","Jones","kristina58@example.net","592-794-0076x8712"
267,"Jasmine","Sarah","Wallace","hwalton@example.net","861-551-0755"
268,"Peter","Kayla","Martin","bridgetkeller@example.com","865-266-1112"
269,"John","Emily","Sweeney","vstevens@example.com","+1-931-516-3153x973"
270,"Susan","Pamela","Spears","stodd@example.com",7043209826
271,"Paula","Vickie","Baker","wrightsteven@example.net","(810)901-8916"
272,"Sharon","Diane","Garrett","klindsey@example.com","420-636-5456x7281"
273,"Mikayla","Nicholas","Kirby","klyons@example.org",8495676006
274,"Lisa","Mary","Gibbs","cristina68@example.org","741-381-4540x82780"
275,"Frank","Tina","Lopez","davidsonsarah@example.org","669-917-3636"
276,"Taylor","Ronald","Wood","davenportmonique@example.net","254-940-6614"
277,"Zachary","Ronald","Graves","rreid@example.com","+1-358-416-2051x036"
278,"Marcus","Mary","George","yolandabell@example.net","400-742-9119x6689"
279,"Steven","Carrie","Williams","alan26@example.org","001-889-547-0507x77820"
280,"Lawrence","Dana","Graves","kevin61@example.com","+1-537-493-9283x751"
281,"Jessica","Maria","Perkins","guy49@example.org","001-804-383-6799x66792"
282,"Tim","Patricia","Ramirez","leahdouglas@example.net","001-942-462-6160x33587"
283,"Larry","Corey","Johnson","hallnathaniel@example.org","+1-331-482-4543x05963"
284,"Justin","Valerie","Erickson","amanda96@example.com","(601)473-4498"
285,"Sherry","Emily","Haynes","griffinmichael@example.org",2986787322
286,"Jason","Sally","Griffin","hmontgomery@example.net","312-479-9355x354"
287,"Jose","Vickie","Chen","ebutler@example.com","244-396-8215x40452"
288,"Kathy","Michael","Campbell","jacob97@example.net","679.982.4659x55935"
289,"Robin","Jennifer","Parker","stevecarroll@example.org","891.212.7978x738"
290,"Jacqueline","Logan","Short","hlucas@example.org","+1-572-989-7061x1395"
291,"Jacob","Timothy","Molina","leslieadams@example.org","457-732-4739x719"
292,"Stephen","Dominique","Holt","brianna46@example.org","455-538-7078x31685"
293,"Joshua","Michelle","Spencer","aguirrekatherine@example.net","626.261.3444"
294,"Randy","Meredith","Savage","pattonmegan@example.com","346.851.1274x57769"
295,"Jason","Norma","Jones","kristinstone@example.net","(797)954-5860x380"
296,"Crystal","Elizabeth","Romero","bhunter@example.net","(823)225-0168x2425"
297,"Matthew","Jeffrey","Brown","sheppardnicole@example.net","+1-501-793-4335x036"
298,"Katie","Amanda","Williams","donna59@example.net","+1-365-497-7696x369"
299,"Megan","Erin","Small","xclark@example.net","(985)709-6020"
300,"Sharon","Thomas","Keller","johnsonzachary@example.com","+1-536-278-9080x018"
301,"Scott","George","Smith","laurenhill@example.com","+1-917-661-9794x6353"
302,"Gregory","Victor","Massey","lori13@example.org","001-548-353-2138"
303,"Kristina","Jacqueline","Nelson","chandlerjacob@example.org","424.845.6502x01345"
304,"Martin","Lori","Harris","jamesglover@example.org","432.783.5038x4014"
305,"Jeffrey","Steven","Fuller","heatherboyer@example.net","476.382.9830x949"
306,"David","Lorraine","Martin","fergusoncaroline@example.org","+1-710-825-5012x8969"
307,"Lucas","Dean","Young","gibsonpamela@example.org","228-883-4029x5118"
308,"Gabriela","Ryan","Hernandez","jenna20@example.net","(811)270-2358"
309,"Tracy","Joseph","Beck","ellisrobert@example.net","(865)894-7386x040"
310,"Ryan","Glenn","Mckinney","alvaradozachary@example.org","240.278.5983x997"
311,"Tina","Jacob","Valenzuela","thomastravis@example.com","860.537.1784"
312,"Donna","Thomas","Price","folson@example.org","+1-372-907-1819"
313,"Danny","Gregory","Bowers","rbrown@example.net","+1-580-481-6070x60368"
314,"Darlene","Katrina","Wilson","samantha94@example.net","+1-200-897-3128"
315,"Amy","Rebecca","Miller","lindseybright@example.org","+1-538-989-4658x327"
316,"Brianna","Charles","Mason","michael00@example.org","(519)445-0211x3238"
317,"Tammy","Patrick","Reynolds","angelathomas@example.org","997-792-0969"
318,"Karen","Donald","Green","ufields@example.org","833.459.6689x90529"
319,"Keith","Anthony","Hebert","pamelapoole@example.com","793-486-6894"
320,"Laura","Donna","Allison","johnhill@example.com","244.535.2458"
321,"Vincent","Dennis","White","patricia39@example.com","001-719-395-9181x82687"
322,"Brent","Brianna","Le","phillip65@example.net","(734)501-6555x89041"
323,"Brandon","Eric","Hawkins","hicksjuan@example.org","001-740-944-1652x532"
324,"Nicole","Stephanie","Steele","hmoreno@example.net","435-845-3422"
325,"Hannah","Rachel","Brewer","gholloway@example.com","001-549-857-7125x379"
326,"Joseph","Victoria","Gibson","ulee@example.net","(215)284-6116x4173"
327,"Dustin","Laura","Perez","samantha87@example.net","984-532-1243x294"
328,"Michael","Tracey","Webb","croberts@example.com",2147620010
329,"Matthew","Sarah","Decker","billywright@example.org","(583)237-4216"
330,"Andrew","Michael","Poole","flynndonna@example.com","991-336-9509"
331,"Jackie","David","Medina","brucebrewer@example.org","+1-284-268-6486x033"
332,"Erica","Antonio","Weaver","jenniferryan@example.net","629-238-0379"
333,"Rachel","Laura","Woods","kromero@example.org","001-423-544-5442x558"
334,"Tyler","David","Barnes","ygarcia@example.net","001-321-831-5309x34222"
335,"Laura","Joseph","Buckley","pwinters@example.org","(875)436-1184x7983"
336,"Vickie","William","Allen","cmaynard@example.com","001-959-508-0027x912"
337,"Heather","Timothy","Rogers","qwhite@example.net","768.958.6329x879"
338,"Roy","Darren","Lopez","bradleyrebecca@example.net","842-572-5490x0692"
339,"Kevin","Sarah","Bradley","courtney99@example.com","284-239-4336x373"
340,"Brian","Hannah","Fisher","murphydanny@example.org","(247)242-7228x9692"
341,"Glenda","Joseph","Gomez","curtisdennis@example.org","001-298-765-2272x83625"
342,"Jennifer","Michael","Maxwell","bergkevin@example.net","493-218-9459"
343,"Daniel","Jon","Hansen","lgomez@example.org","+1-642-531-8123"
344,"Jason","Tommy","Bowen","michellesantos@example.com","(246)875-2253"
345,"Amanda","Edward","Lester","traviscarolyn@example.net","+1-307-789-3903x84381"
346,"Timothy","Michelle","Gross","donald41@example.com","422.346.3330"
347,"Lisa","Amanda","Peterson","gardnerannette@example.com","820-450-6786"
348,"Brian","Michael","Savage","williamromero@example.com","596.765.7630x71741"
349,"Patrick","Joshua","Jimenez","eayala@example.net","001-422-738-7159x5249"
350,"Cassandra","Amy","Franco","biancahenry@example.org","001-476-332-3862"
351,"Ebony","Henry","Porter","kleinjennifer@example.net","995-672-4415x45352"
352,"Krystal","Mary","Davis","wileytasha@example.org","+1-740-474-0398x225"
353,"Devon","Devon","Hernandez","abarber@example.net","704.600.9665"
354,"Rebecca","Amy","Dean","andrewroman@example.net",2809428888
355,"Joseph","Steven","Fletcher","murphyjames@example.net","596.345.9025x579"
356,"Mark","Victoria","Walker","rbaker@example.net","743-841-5041x98104"
357,"Peter","Teresa","Williams","loganlori@example.com","+1-644-853-8615x04251"
358,"Leslie","Andrew","Simmons","kathryncook@example.net","+1-379-883-7784"
359,"Aaron","Stephanie","Ward","lhaley@example.com","782.952.3805"
360,"Andrew","Sabrina","Thomas","ysimmons@example.com","247-720-8538"
361,"Megan","Eric","Henderson","zpaul@example.org","+1-509-529-6647x975"
362,"Jeremy","Sarah","Gomez","katherinerobertson@example.org","(735)337-0635"
363,"Jason","William","Richardson","nicholasterry@example.com","001-984-293-4427"
364,"Christine","Christopher","Rhodes","johnmayer@example.net","627-827-6538"
365,"Ann","Madison","Nguyen","daviselijah@example.org","(798)346-3884"
366,"James","Brandon","Wright","jonathansmith@example.net","(441)811-7062"
367,"Jessica","Maria","Johnson","benjamin88@example.com","+1-859-521-1567"
368,"Jade","Paul","Cooper","jamiewalker@example.org","752.868.8326x35340"
369,"Stacy","Paul","Roth","rgonzalez@example.org","256-402-6223x5619"
370,"Edward","Michael","Ball","lucerokathryn@example.org","001-918-343-3453"
371,"Preston","Laura","Roach","wnavarro@example.org","001-809-330-3860x35122"
372,"Antonio","Christopher","Stevenson","jillchavez@example.net","+1-323-254-4943x4033"
373,"Annette","David","Rose","lmccann@example.com","241-424-1906x98731"
374,"Tyler","Jessica","Marshall","scottmark@example.com","001-419-386-2198x706"
375,"Benjamin","Patricia","Watkins","christensenleslie@example.net",6927120082
376,"Chad","Angelica","Dalton","ray52@example.org","377.793.6909x4072"
377,"Emma","Trevor","Martin","williamwiggins@example.org","(262)322-0265x70746"
378,"Tanya","Heather","Morgan","alambert@example.org","827.338.6933x471"
379,"Christopher","Cassandra","Robinson","leonardjohn@example.com","565-909-4134x141"
380,"Keith","Valerie","Owens","joshuapeterson@example.org","330.543.6634"
381,"Denise","James","Day","timothy86@example.org","001-958-721-2811x08526"
382,"Robert","Krystal","Flores","ereeves@example.net","528.563.0886"
383,"Miranda","Michelle","Porter","abigaillopez@example.com","299-399-2778"
384,"Kimberly","Rodney","Robinson","austingarcia@example.org","(769)517-6139x512"
385,"Patrick","Colin","Carter","victor49@example.org","202.494.2740x329"
386,"Margaret","Matthew","Williams","ysanchez@example.org","(487)717-7589"
387,"Anne","John","Johnson","zdavis@example.net","630-444-4094x0812"
388,"Aaron","Jasmine","Howard","chaneyedward@example.net","363-610-8003x48186"
389,"Kelli","John","Mcguire","gloveramanda@example.org","329.446.6014x05468"
390,"Ronald","David","Blevins","cynthia48@example.org","649.885.4003x55154"
391,"Kara","Charles","Thomas","paul28@example.org","344.543.6290x620"
392,"Michael","Terrance","Trevino","cbuchanan@example.net","(795)308-3141x95262"
393,"Lindsay","Darren","Rodriguez","thoward@example.org","876.284.3912x292"
394,"Christina","Norma","Parker","nblair@example.org","788.326.1715"
395,"Michael","Steven","Williams","cynthiacarrillo@example.net","450.398.3405x9582"
396,"Rhonda","Rhonda","Reed","jonescrystal@example.org","785.325.8262x16804"
397,"Kimberly","Bryce","Copeland","dawnwilson@example.net","855-285-6754"
398,"Michael","Charles","Robbins","victor52@example.com","+1-546-350-9039"
399,"Eric","Elizabeth","Carter","reynoldstimothy@example.net","579.360.5788x970"
400,"Mary","Rhonda","Williams","robbinskathleen@example.net","001-261-909-7075x740"
401,"Lori","Shelby","Snyder","khill@example.org","+1-714-947-4491x69150"
402,"Timothy","Ricky","Moss","stephaniehall@example.org","001-470-244-2385x005"
403,"Kathy","Savannah","Rivas","bethsalazar@example.org","415.744.1424x58361"
404,"Emma","Crystal","Jones","jessicajones@example.com","663.710.9745"
405,"Derek","Cory","Howell","wgonzalez@example.net","+1-634-471-4473x194"
406,"Brian","Stephanie","Reyes","eric36@example.com","+1-205-536-3278"
407,"Brittany","Dawn","Blair","mrush@example.com","001-218-530-3266x391"
408,"Sean","Kristin","Patel","johncarter@example.net","921-383-9614x637"
409,"Frederick","Anthony","Wilkerson","copelandmichael@example.net","+1-927-788-8872x181"
410,"Allison","Sara","Smith","coxapril@example.net","332-253-5385x89773"
411,"Laurie","Aaron","Carlson","castrodarrell@example.net","(371)376-9045"
412,"Lori","Rebecca","Lee","alyssacharles@example.org","(710)901-9628x92720"
413,"Kelly","Andrew","Giles","sandrahenson@example.net","371-490-9489x8322"
414,"Sarah","Alexis","Robinson","ronaldbarker@example.com","289-296-2633x960"
415,"Valerie","Adam","Hunt","simpsontammy@example.com","(413)829-2540"
416,"Anne","Hayley","Hernandez","kari51@example.com","834-824-8591x1975"
417,"Gabriel","James","West","ubaker@example.net","001-724-507-7583"
418,"Rebecca","Dylan","Carter","jennifertodd@example.net","(421)905-0889"
419,"Sherry","Seth","Wilson","davidmyers@example.net","(862)949-7831"
420,"John","Mary","Pierce","osolis@example.org","995.667.7380x3569"
421,"Jake","Paul","Taylor","david81@example.org","+1-780-767-3735x7762"
422,"Elizabeth","Michelle","Perez","gregoryalvarado@example.com","235.666.7989x5214"
423,"Christina","Miguel","Lynch","ericpowers@example.net","+1-605-310-6958x838"
424,"Kelly","Tina","Horn","michaelstephens@example.org","(268)872-1348"
425,"Paul","Robert","Gordon","robert09@example.com","+1-609-958-5589x93419"
426,"Michael","Steve","Garcia","mcphersonian@example.org",5672916107
427,"Tammy","Steven","Whitney","clarkemark@example.org","925-291-4879"
428,"Richard","Ann","Leblanc","joel46@example.com","221-560-9531x971"
429,"Becky","Rebecca","Washington","myersantonio@example.org","392-250-9052x6367"
430,"Richard","Abigail","Madden","grantlynn@example.com","+1-552-394-9405x09796"
431,"Tiffany","Michael","Castro","jacqueline60@example.net","(975)775-6799"
432,"Christopher","Elizabeth","Carr","gdaniel@example.net","001-640-361-3243x8561"
433,"Julia","Jennifer","Mercado","nicole09@example.com","905.454.7311"
434,"John","David","Bennett","christopher90@example.com","910-289-2848x571"
435,"Cathy","Ann","Miller","blairjessica@example.com","+1-885-966-1258x131"
436,"Marco","Ryan","Garcia","johnsonbenjamin@example.com","001-595-572-5755x15756"
437,"Michael","Priscilla","Bowman","douglassteven@example.com","+1-428-403-1682x28810"
438,"Donald","Jennifer","Rodriguez","sanchezdonald@example.net",6337467053
439,"Bobby","Anne","Yates","kimberly28@example.net","258-583-0466x97956"
440,"Roy","Alan","Brown","howilliam@example.org","+1-242-417-4963x914"
441,"Jessica","Sara","Powers","bakerlisa@example.com","001-320-689-8382x7956"
442,"Douglas","Eric","Jacobs","lluna@example.net","(921)868-8024x5726"
443,"Michael","Jessica","Sims","johnsonsabrina@example.org","001-330-635-4243x65582"
444,"Joseph","Christine","Garcia","reynoldsrobert@example.com","854-482-5513x0797"
445,"Michele","Denise","Sellers","evelynsanders@example.com",4873711566
446,"Jim","Jack","Gallagher","oaguirre@example.com","(514)325-7946"
447,"Luis","Hailey","Burnett","melissastewart@example.org","801-528-9614x766"
448,"Frank","Cassandra","Smith","jerry54@example.net","920.376.9457"
449,"Sharon","Dawn","Wright","ronniewilliams@example.net",7679622302
450,"Amanda","Ruth","Jacobs","santiagokim@example.org","567-337-1570x08990"
451,"James","Katrina","Green","robert50@example.org",4387915710
452,"Andrew","Lisa","Lawrence","mayojesse@example.com",4184969894
453,"Veronica","Neil","Nguyen","kmarshall@example.com","+1-306-988-7208x2939"
454,"Jessica","Jaclyn","Green","haneydiana@example.net","(670)807-9747"
455,"Sarah","Ricardo","Moore","lgreen@example.net","001-343-324-8189x0887"
456,"Melissa","Kimberly","Ayers","daniel03@example.net","296.762.7891x88734"
457,"Nathan","Michelle","Webster","amandawebb@example.net","+1-692-283-4139"
458,"Desiree","William","Anderson","martin01@example.org","001-452-616-3824x00006"
459,"Patrick","Madison","Sutton","gbutler@example.com","001-921-921-6584x257"
460,"Mary","Shane","Hill","cynthiagrant@example.net","(486)360-4852"
461,"David","Belinda","Smith","ewashington@example.com","965.863.0362x41295"
462,"Tammy","Robert","Kennedy","rachael21@example.com","001-851-596-3357x1339"
463,"William","Mark","Morris","crobbins@example.com",8236982263
464,"Sandra","Courtney","Hodge","jordan73@example.net","641.938.4390x20858"
465,"Gerald","Jennifer","Clark","ibanks@example.org","+1-612-603-9078x08326"
466,"Mark","Yesenia","Simon","jacksonkristen@example.com","(278)235-2261x04183"
467,"Lee","James","Townsend","patrickanthony@example.net","958-361-0001"
468,"Jose","Michele","Paul","pholmes@example.net","874-505-0167x27131"
469,"James","Donna","Rodriguez","robert90@example.com","001-790-324-7444x95700"
470,"Ryan","Michael","Gomez","sanchezlisa@example.com","280-599-6383x610"
471,"Amy","Ryan","Martinez","bjohnson@example.com",3019367845
472,"Jonathan","Elizabeth","Brown","joel51@example.com","380-836-9364x09260"
473,"Justin","Jennifer","Wright","stephaniepayne@example.net","774-252-9126"
474,"Alyssa","Melissa","Bennett","kimbrandon@example.com","(696)828-8152x2408"
475,"Jennifer","Karen","Johnson","espinozasheila@example.com","+1-761-238-5685x040"
476,"Jason","Sean","Miller","sharpvictoria@example.org","(792)427-9560"
477,"Joe","Brandon","Anderson","charris@example.com","+1-884-966-4661x318"
478,"Hannah","Kari","Scott","angela12@example.com","789-705-3834"
479,"Samuel","Jack","Larsen","francescervantes@example.net","+1-958-439-5337x73469"
480,"Glenn","Joanna","Tapia","jennifer55@example.net",5819961938
481,"David","Teresa","Fernandez","edwardsashley@example.com","(972)276-0075"
482,"Deanna","Matthew","Richardson","crystalking@example.net","+1-234-557-0746x925"
483,"Cynthia","Edward","White","jamescollins@example.org","+1-722-460-7417"
484,"James","Carlos","Brooks","maryrivera@example.net",3573612716
485,"Kathryn","Tommy","Holmes","juliajohnson@example.net","+1-509-241-1246x87791"
486,"Diane","Zachary","Mcguire","wallacemichael@example.com","(320)328-5073x09553"
487,"Jeffrey","Mark","Rodriguez","ehurst@example.org","341-605-9211x00005"
488,"Mark","Allen","Swanson","upage@example.org","290.741.4647"
489,"Jordan","Jason","Mcclain","stacyrobbins@example.net","(564)516-7455"
490,"Elizabeth","Charles","Park","zcrawford@example.org","715-705-9208x6599"
491,"Courtney","Justin","Johnson","jacksoncameron@example.org","888.414.7977"
492,"Ashley","Jeffrey","Yang","garrettluna@example.net","+1-306-276-8821x29467"
493,"Jesse","Michael","Jackson","lawsonmaurice@example.org",9407691534
494,"Yolanda","Kristin","Greene","amyparker@example.com","757.901.3578x454"
495,"Katherine","Edward","Gonzalez","ldoyle@example.net","431-253-9078x4537"
496,"Jeffrey","Laura","Wolfe","jonesjennifer@example.net","+1-998-784-3479"
497,"Andrea","Tanya","Santiago","adavis@example.org","+1-373-584-1183x6796"
498,"Phillip","Marc","Bean","suehayden@example.net",3478681315
499,"Nathan","Stephanie","Robinson","nguyenangela@example.net","545.219.6951x283"
500,"Pam","Michael","Hickman","thomasjohn@example.com","(384)962-4127x966"
501,"Kathy","Kaitlyn","Hicks","jennifer24@example.com","893-321-0755x53375"
502,"Sharon","Angela","French","monique66@example.net","613-721-3033x183"
503,"Kevin","Richard","Mooney","aguilarstephen@example.org","(413)418-7144x06771"
504,"Becky","Elizabeth","Smith","robertgarrison@example.org","(386)934-6771x094"
505,"Rachel","Bryan","Allen","dharris@example.org",7169489403
506,"Roy","Diana","Martinez","gdunlap@example.org","(460)383-5057x52076"
507,"Ian","Brian","West","valenzuelapaula@example.com","923.727.9073x6009"
508,"Allison","David","Carter","chooper@example.net","+1-478-768-0695x7807"
509,"Martin","Natalie","Torres","bparks@example.net","345.587.3011x559"
510,"Brittany","Benjamin","Foster","danielmarshall@example.com","979.937.7827x70178"
511,"Jeffrey","Megan","Ward","paul08@example.com","893.584.1772x7583"
512,"Ashley","Amy","York","jason51@example.org","736.422.9315"
513,"Rhonda","Kevin","Moran","fryejasmine@example.org","668.653.4239"
514,"Mikayla","Abigail","Mercado","tmolina@example.com","(953)420-2880"
515,"Cheryl","Aaron","Kelly","frosario@example.net","+1-908-849-9534x8952"
516,"David","Samantha","Church","georgerachel@example.net",2387085434
517,"Roger","Andrew","Lawrence","natkins@example.net","(267)951-5274x58729"
518,"Melissa","Stephanie","Price","karen90@example.net","643-627-6866"
519,"Katie","Angel","Cunningham","rmarshall@example.net","001-251-626-1838x93664"
520,"Nicholas","Robert","Mays","jonathan27@example.org","903.300.5775x10555"
521,"Lisa","Amanda","Willis","pauldavis@example.org","(517)649-5727x76813"
522,"April","Jennifer","Wilcox","hollowayjulia@example.net","460.823.1089x9950"
523,"Kristi","Zachary","Ayala","lwolfe@example.com","270.612.1724x6490"
524,"Kevin","Nancy","Bell","kleonard@example.com","+1-709-876-5954"
525,"Robert","Tony","Medina","fowlerjoshua@example.com","(252)204-9326x803"
526,"Madison","Sarah","Peterson","amandamills@example.net","(319)823-2249"
527,"Lindsay","Eric","Burton","bennettallison@example.net","(405)705-6086x0449"
528,"Hailey","Dale","Ward","jonesdiane@example.com","504-304-4713x34004"
529,"Michael","Ebony","Roberts","dustinparsons@example.net",3702151042
530,"Lisa","Emma","Riley","julie87@example.net",4725093047
531,"Stephanie","Amber","Austin","richardsonerin@example.com","001-251-417-0959x233"
532,"Tiffany","Ellen","Schmidt","stephenturner@example.org","(833)422-4323"
533,"Julie","Eric","Lewis","jose91@example.net","(608)675-7852x431"
534,"Erin","Crystal","Shaw","erin89@example.org",4348569301
535,"Jamie","Christine","Wheeler","sfreeman@example.com",7264976940
536,"Cheryl","Renee","Austin","robin18@example.org","810.227.1108x53405"
537,"Debbie","Robert","Keith","vanessapadilla@example.com","001-466-900-9333x29118"
538,"Bethany","Ryan","Taylor","christine12@example.com","542-580-2475x0410"
539,"Stacey","Ashley","Curry","dianawilliams@example.com","512-686-8769x14722"
540,"Jillian","Mike","Gibbs","sheila27@example.net","001-302-202-8636x186"
541,"Adam","Michael","Mitchell","laurenbullock@example.org","(535)780-0205x908"
542,"Roger","Amanda","Rodriguez","nathan48@example.org","852.281.3314x361"
543,"Daniel","Scott","Powers","vwalter@example.com","001-827-566-0711x18030"
544,"Brenda","Christopher","Willis","millerpatrick@example.org","(593)749-0815x80471"
545,"Daisy","Sean","Blanchard","hjarvis@example.net","+1-984-433-9339x8367"
546,"Monique","Melissa","Knight","bauersusan@example.net",4594074441
547,"Aaron","Sharon","Hodges","aliceyoung@example.net","(368)456-9370"
548,"Daniel","Linda","Cooke","kirsten70@example.net","372-597-9016x787"
549,"Aaron","Kevin","Crawford","gonzalestravis@example.net","(588)258-7017x9630"
550,"Karen","Gavin","Kelly","leescott@example.org","001-879-719-2655"
551,"Andrew","Megan","Owens","jennifer97@example.com","699-301-3117x3000"
552,"Amanda","Monica","Jenkins","waustin@example.com","287.863.7888x52759"
553,"Anthony","Amanda","Perez","bradyelizabeth@example.com","593-958-4379"
554,"Derek","Levi","Rosales","david43@example.com","835-688-0182"
555,"Thomas","Kenneth","Hughes","brian80@example.com","245-442-4861x8378"
556,"Mark","Susan","Lee","sean96@example.org","001-828-286-4871x477"
557,"Jason","Elizabeth","Chavez","danielle27@example.net","001-554-328-1915"
558,"David","Andrew","Williams","wilsonmichele@example.org","448.214.0354x669"
559,"Laura","Jay","Hampton","michael67@example.net","+1-749-645-8022x1914"
560,"Oscar","Bryan","Parsons","roykenneth@example.net","(392)285-3902"
561,"Dennis","Matthew","Caldwell","tony26@example.org","001-621-677-6930x809"
562,"Brandi","Deanna","Jacobs","gdavis@example.net","001-404-492-0008x17146"
563,"Diana","Jane","Silva","anthonyhuynh@example.org","721.939.2538"
564,"Sandra","Lindsey","Huber","patricia60@example.org",8274673673
565,"Mark","Joshua","Ellis","wcarroll@example.org",9787824581
566,"Heather","Andrew","Henry","schmidtjessica@example.net","001-442-961-5038x38713"
567,"Rebecca","Veronica","Crosby","vbrown@example.net","+1-534-734-1084x67940"
568,"David","Brian","Whitney","matthewodonnell@example.net","997.539.9669x76564"
569,"Dustin","Abigail","Jackson","hinesmark@example.net","+1-374-251-1756x49086"
570,"Barbara","Stephanie","Martinez","belliott@example.org","001-919-857-0581x460"
571,"Brittany","Jessica","Lucero","ashleydixon@example.net","949.613.6416x4995"
572,"Lori","Nicholas","Harrington","jameskaufman@example.com","486-431-5799x27005"
573,"Jordan","Julian","Bennett","michelle48@example.com","(697)534-1485x728"
574,"Carla","Brian","Heath","jeffreysmith@example.net","287.591.3113x09948"
575,"Gregory","Laura","Snow","matthew59@example.net","282.326.7562"
576,"Derek","William","Little","davidmarquez@example.net","(518)457-9935x534"
577,"Scott","Kayla","Hill","nathan32@example.com","268-361-0607"
578,"Richard","Alexis","Shaw","wagneralexander@example.net","300-656-6097"
579,"Charlene","Michelle","Mcdonald","susan93@example.org","(868)471-1200x3375"
580,"Ronald","Daniel","Cruz","fosterpamela@example.com","292-243-7265x1018"
581,"Lori","Tracy","Anderson","reginaldrogers@example.org",4024584662
582,"Nancy","Brian","Bailey","ujones@example.com",6857218287
583,"Nathan","Kristy","Nelson","adamscott@example.net",8622299393
584,"Pamela","Stephanie","Bowen","houstonjonathan@example.org","(367)279-4101x9921"
585,"Julie","Joseph","Sutton","baileykimberly@example.org",6264860976
586,"Michele","Anthony","Houston","wilcoxmartha@example.net","793.372.2393"
587,"Robert","Michael","Ferrell","jenniferrobles@example.com","733.606.0348x3683"
588,"David","Bryan","Williams","kramerchristopher@example.org","587.305.9471x6664"
589,"Cory","Sharon","Ryan","marilyn66@example.net","+1-773-224-2716x74581"
590,"Mark","Carmen","Howard","pwashington@example.org","330-327-2665"
591,"Janice","Christopher","Brown","jvasquez@example.com","845-264-2586x69115"
592,"Andrea","Gloria","Sweeney","ortizdaniel@example.com","584-806-8462x47502"
593,"Matthew","Matthew","Davis","davisnatalie@example.org",7078917605
594,"Carla","Jonathan","Hoffman","priscillahawkins@example.com","+1-577-665-4058"
595,"Darius","Michael","Gomez","robertsjessica@example.org","001-301-258-7790x39114"
596,"Corey","Amanda","Noble","monicawright@example.net",2097127173
597,"Patricia","Tony","Nelson","mason61@example.org","(474)537-2980x756"
598,"Lisa","Michael","Duran","kenneth79@example.org","(879)318-7472"
599,"Ann","Lisa","Jones","perryangela@example.com","295-697-8742x330"
600,"April","Jose","Hanson","kenneth44@example.net","001-611-649-1581x24206"
601,"Bruce","Ryan","Hester","onewman@example.com","895.509.0545"
602,"Debra","Donald","Schultz","fowlercassandra@example.com","(874)751-9900x5326"
603,"Elizabeth","Chase","Hubbard","clarkechelsea@example.net","(223)767-2881"
604,"Jason","Olivia","Zimmerman","heatherowen@example.net","001-757-250-6832x248"
605,"Jason","Raymond","Hill","robert76@example.org","(580)797-4397x00645"
606,"Peter","John","Rodriguez","trosales@example.org","+1-459-378-3213x51472"
607,"Wanda","Travis","Alvarez","daniel74@example.net","(305)400-1687x90774"
608,"Sheryl","Danielle","Anderson","gmalone@example.org",2385852942
609,"Joseph","Kimberly","Summers","kimberly89@example.org","780.451.8862x5567"
610,"James","Joshua","Miller","pamela22@example.com","001-995-967-5894x00322"
611,"Karen","Andrew","Huynh","cliffordsilva@example.net","+1-355-572-7522"
612,"Julia","Michael","Ryan","joshua15@example.net","(325)573-2179"
613,"Larry","Stephanie","Rivera","stefaniemartinez@example.com","001-997-792-9478x994"
614,"Michael","Jonathan","Guerrero","xsmith@example.org","757.754.5885"
615,"Vicki","Scott","Bruce","whitakerruth@example.com","(294)954-9763x2582"
616,"Gabriel","Lisa","Martin","coxmadeline@example.net",4066694399
617,"Hannah","Melissa","Wolf","shirleyjones@example.com","322.349.0784x4075"
618,"Christopher","Michael","Fields","michaeladams@example.net","868-999-5166x91256"
619,"Elizabeth","Robin","Burns","lawrence62@example.org","798.752.0482"
620,"David","Kaitlin","Allen","pearsonrobin@example.com","001-803-401-2808x85734"
621,"William","Chad","Morales","gregg80@example.com","735-312-1318x293"
622,"Christopher","Brenda","Jordan","leecurtis@example.net","001-252-515-4927x6393"
623,"Wendy","Elizabeth","Peters","shawn52@example.net","001-965-466-6231x6783"
624,"Samantha","Martin","Jackson","seannunez@example.org","+1-924-730-9533"
625,"Jessica","Lisa","Hart","sean05@example.com","+1-983-385-6745x84181"
626,"Samuel","Mary","Kelly","matthew96@example.net","+1-752-597-3188x120"
627,"April","Bradley","Williamson","lclarke@example.com","521.728.4710"
628,"Amanda","Marissa","Hogan","hicksbrandy@example.com","001-543-365-5311x34647"
629,"Julie","Brandon","Olson","doughertyamy@example.com","550.809.4697x75658"
630,"Jeanne","Elizabeth","Sutton","pjames@example.org","001-934-802-4933x02238"
631,"Peggy","Jeffrey","Mayo","donna05@example.org","+1-725-584-4226x2776"
632,"Crystal","Monica","Barron","juanrodriguez@example.net","001-488-237-4383x1816"
633,"Emma","Anthony","Sanders","harriscassandra@example.com","751.983.5784"
634,"Darren","Cynthia","Vasquez","burketimothy@example.org","495.658.9851x9990"
635,"David","Alexander","Paul","linda87@example.net","+1-284-657-3895x9315"
636,"Louis","Jennifer","Cooley","xhansen@example.org","001-813-791-9179x932"
637,"Darin","Daniel","Lopez","chasejessica@example.net","308.401.9562"
638,"Linda","Olivia","Gibson","gina24@example.net","001-992-513-8216x5201"
639,"Regina","Leah","Kim","thomas82@example.com","(601)373-2626"
640,"Jenna","Breanna","Nguyen","elizabeth11@example.net","(914)677-6274x306"
641,"Sabrina","Andrea","Decker","mjohnson@example.org","625-643-2327"
642,"Stacy","Amanda","Owens","sdrake@example.com","(542)522-3359x7990"
643,"Thomas","April","Chen","chenlorraine@example.org","716-965-8395"
644,"Thomas","Dale","Osborne","rsanchez@example.org","+1-733-324-8860x4709"
645,"Nicole","Samantha","Roberts","itaylor@example.net",5243172532
646,"Barbara","Greg","Pena","patrickjohn@example.net","(622)242-2173"
647,"Evan","Shannon","Harris","shawn29@example.net","712-409-8113x303"
648,"Robert","Deborah","Cox","darrellnavarro@example.net","+1-493-265-5739"
649,"Michael","Robin","Johnson","hardymadeline@example.com","001-808-672-2336x82277"
650,"Donna","Jennifer","Molina","shawn41@example.com","728.201.1011x04056"
651,"Molly","Christine","Arnold","nray@example.net","705-893-0136"
652,"Steven","Margaret","Johnson","swells@example.com","001-736-581-8319x7715"
653,"Kevin","Tiffany","Gonzalez","carl10@example.net","416.908.3994x6473"
654,"Tamara","Timothy","Alexander","srhodes@example.net","869-334-0619x22010"
655,"Craig","Christina","Davis","nwu@example.org","923-310-2230x994"
656,"William","Denise","Sanders","denniswilson@example.com","877.333.0756"
657,"Michael","Jonathan","Rollins","denise85@example.net","675-948-5132x31362"
658,"Mitchell","Christopher","Roberts","bryan43@example.net","+1-436-225-5182"
659,"Lisa","Justin","Arnold","steve32@example.com","514.967.8113x97225"
660,"Andrew","Susan","Haynes","angela70@example.net",4663317994
661,"Carrie","Angela","Lewis","johngaines@example.net","(708)495-2769x760"
662,"Michael","Paula","Robinson","ashleypoole@example.net","001-313-657-8570x4559"
663,"Katherine","Donald","Deleon","andrewsmichael@example.com","332.853.3742"
664,"Glenda","Anthony","Dominguez","vmorrow@example.org","983-999-2025"
665,"Jeremy","Ashley","Green","gary16@example.org","449.863.9100x99177"
666,"Olivia","Kevin","Williams","hornescott@example.org","665-476-8520x17088"
667,"Steven","Melissa","Campos","tracythomas@example.com","210-379-1250x6799"
668,"Catherine","Ana","Reed","leonard79@example.org","672-805-9589"
669,"Benjamin","Mark","Reyes","levans@example.org","001-455-400-0377"
670,"Christina","Patricia","Owens","michellecardenas@example.com",8526796982
671,"Justin","Tyler","Murillo","juan49@example.net","762.735.0925"
672,"Deanna","Dylan","Marshall","mark70@example.org","+1-454-604-0919x513"
673,"David","Ashley","Tyler","chris23@example.org","001-696-885-0018x7448"
674,"Angela","Taylor","Smith","kirkrodriguez@example.com","001-313-758-3486"
675,"Erin","Holly","Castaneda","allenalbert@example.com","869.299.1379x933"
676,"Whitney","Rodney","Mcmahon","johnsonbrenda@example.net","926.911.6350"
677,"Anthony","Mary","Baker","gabrielle42@example.com","001-324-280-6875x3385"
678,"Nicholas","Troy","Simon","yvonnebrooks@example.com","(708)819-7753x1057"
679,"Daniel","Laurie","Fowler","sbailey@example.com","381.353.0882x06222"
680,"Carmen","Joyce","Barker","pauljones@example.com","+1-225-986-5466x317"
681,"Thomas","James","Pena","kristi83@example.com","490.634.4052x39839"
682,"Sean","Amanda","Williams","gregory66@example.com","266.725.4501x81723"
683,"Traci","Don","Adkins","noah26@example.net","001-892-453-6018x49326"
684,"Karen","Sara","Bowen","laurenfaulkner@example.com",9263026661
685,"Daniel","Alexis","Bailey","jillianalexander@example.org","001-996-911-8873x36997"
686,"Diana","Jordan","Mitchell","xwade@example.net","715.415.5582x45913"
687,"Maria","Stephanie","Costa","armstrongtammy@example.net",9063770105
688,"Kevin","Lisa","Wilkins","watsonwillie@example.org","001-955-236-4436"
689,"Maurice","Melissa","Ballard","kyle63@example.net","755-415-9094"
690,"Samantha","Scott","Terrell","wellsdanielle@example.net","+1-964-948-8550x029"
691,"Daniel","Kevin","Payne","maria33@example.org","(847)515-7453x9834"
692,"Joseph","Jason","Wilkerson","kleindavid@example.org","383.899.7647"
693,"Samuel","Angelica","Pham","brandi29@example.net","(363)857-8827"
694,"Laura","Heather","Skinner","pfrancis@example.org","(945)620-4239x0653"
695,"Jose","Ryan","Brown","sarahflores@example.org",4447098950
696,"Timothy","Justin","Davis","anthonymatthews@example.net","(849)307-3049x78095"
697,"Cynthia","Jonathon","Sutton","robertsimpson@example.com",2436919838
698,"Susan","Brian","Williams","alexandra75@example.org","373.962.9297x5155"
699,"Laura","Andrew","Adams","fieldscarolyn@example.com","686-471-9066x9611"
700,"Veronica","Kathryn","Martin","stephensmichelle@example.org",9616448360
701,"Lauren","Lisa","Melendez","hmalone@example.net","(784)303-2030"
702,"Charles","Sharon","Lane","madelineharrison@example.org","296-534-3757"
703,"Terri","Rebecca","Bradford","wnorman@example.com","735.265.1534x493"
704,"Todd","John","Kim","kristinesnyder@example.org","+1-590-723-5958"
705,"Sergio","Melinda","Moses","samuelnunez@example.net",4013342032
706,"Ian","David","Khan","yvette22@example.com","452-281-3333x291"
707,"Vicki","Crystal","Blair","bruce22@example.com","001-966-320-5702x2369"
708,"Francisco","Barbara","Espinoza","terrancebrennan@example.org","+1-604-717-9010x66634"
709,"Samuel","Evan","Winters","shermandylan@example.net","851.693.9811x010"
710,"Maria","Nathan","Wright","ronaldbush@example.com","(626)317-1927"
711,"Sandra","Brad","Ellis","jacquelineporter@example.net","427-584-8124x16193"
712,"Megan","Michael","Atkins","luisbooker@example.org","561.950.6949x9853"
713,"Andrew","Thomas","Rosario","pennyphillips@example.com","(467)906-4090"
714,"Jeffrey","Jason","Craig","freed@example.org","+1-603-830-4670x1025"
715,"Patrick","William","Zavala","laurayu@example.net","001-830-756-4454"
716,"Jonathan","Nathan","Stewart","taylorlindsey@example.org","356.780.4037"
717,"Amy","Monica","Miles","wardchristopher@example.net","001-411-987-2494x8154"
718,"Mary","Daniel","Poole","gregory60@example.org","304.233.8004x13150"
719,"Sonya","John","Nguyen","uvalencia@example.net","975.377.7322"
720,"Robert","Christian","Harper","adamsandoval@example.org","(980)729-3336"
721,"James","Elizabeth","Stark","kayla23@example.com","001-882-400-3099x3581"
722,"Donna","Richard","Smith","erika10@example.org","(202)239-5113x747"
723,"Seth","Elizabeth","Reynolds","sonya84@example.com","001-341-757-2430x02613"
724,"Kiara","Joshua","Salinas","maryfoley@example.org","(530)365-0839x13723"
725,"Rhonda","Bryan","George","brittany83@example.com","001-911-233-2006x16041"
726,"Zachary","Diana","Brady","svasquez@example.org","+1-724-262-8854"
727,"Claudia","Gina","Joseph","kathrynmcmillan@example.org","(728)337-6642x66869"
728,"William","Tyler","Chapman","marymendoza@example.com","921-541-0807x350"
729,"Jessica","Samantha","Gregory","perezdamon@example.net","(781)786-5107x48455"
730,"Kelsey","Latoya","White","qblankenship@example.org","786.882.2131"
731,"Edgar","Lauren","Ramos","ichapman@example.com","+1-821-272-8662"
732,"Juan","Ian","Brady","dan50@example.org","001-757-613-8465x48427"
733,"Amanda","William","Herring","danayates@example.net","512.851.2274"
734,"Maria","Justin","Fowler","imarshall@example.net","(471)554-1257"
735,"Laura","Jared","Gonzalez","thomaswang@example.com","001-510-683-6383x9864"
736,"Emily","Donald","Ryan","kyle84@example.net","001-856-599-7846x10397"
737,"Christina","Brittany","Stevenson","andrew76@example.org","441.204.0203x4883"
738,"Andrew","Kathleen","Hoffman","dfleming@example.net","+1-492-754-9054x050"
739,"Cindy","Cassandra","Stewart","dmartinez@example.net","(988)701-4689x4065"
740,"Veronica","Stephanie","Rhodes","sarahnewman@example.org","001-329-597-9039"
741,"Elizabeth","Oscar","Bender","holiver@example.org","935.723.8828"
742,"Juan","Kenneth","Gonzalez","eday@example.org","001-641-652-6978"
743,"Morgan","Juan","Vargas","shahmelissa@example.com","907-217-9643"
744,"Robert","Robin","Curtis","moorekathryn@example.net","852-850-4370"
745,"Gregory","Maria","Griffin","mcmahonvictoria@example.org","268.211.0134x5241"
746,"David","Kenneth","Lee","brianlopez@example.net","+1-622-919-0721"
747,"Eric","Nancy","Miller","sandra58@example.org","+1-952-605-0485x164"
748,"Larry","Craig","Ortiz","kbates@example.com","(437)821-5387x6997"
749,"Leroy","Joseph","King","martinezbilly@example.net","001-707-941-3512x030"
750,"Sean","Adam","Walton","reesebrett@example.org","697.652.1806"
751,"Randy","Samuel","Hoffman","crystal86@example.org","(805)984-3847x98929"
752,"Jeffrey","Michael","Park","lschultz@example.com","+1-676-371-9341"
753,"Nancy","Aaron","Anderson","steven01@example.com","001-302-279-2052x30870"
754,"Beth","Bryan","Spence","jessica80@example.com","001-987-743-1552"
755,"Thomas","Luis","Stewart","llong@example.org","+1-765-252-4895x7775"
756,"Paul","Claire","Ortiz","pamela64@example.com","978.522.3389"
757,"Erin","Keith","Little","jose19@example.com","(325)758-9279x76708"
758,"Alyssa","Dwayne","Johnston","rvaldez@example.net","426.213.2529x2329"
759,"Amber","Alicia","Vasquez","benjaminmurray@example.com","(398)858-0475"
760,"Teresa","Anthony","Ramos","lacey98@example.net","694-580-5579"
761,"Alison","Hannah","Fuller","perryjeremy@example.org","001-702-896-9529"
762,"Wendy","Danny","Coffey","travisjoseph@example.net","781.402.0415x2481"
763,"Beth","Janet","Delgado","burnsjoseph@example.org","614-829-3427x142"
764,"Michael","Amy","Munoz","mitchellbrittney@example.net","(731)878-0260"
765,"Nicholas","Kathleen","Martinez","samuelturner@example.com","464.565.7916x47455"
766,"Johnathan","Michael","Perez","cruiz@example.com","001-987-380-5079"
767,"William","Sheri","Sanford","kayla62@example.org","(376)731-4882x0177"
768,"Richard","Cindy","Cobb","jamesharris@example.org","001-720-310-1479x0003"
769,"Steven","Kellie","Kelly","jimmyhodge@example.net","001-405-917-4738x8042"
770,"Jacob","Melinda","Spence","norrisjustin@example.net","+1-954-378-0580x8984"
771,"Charlotte","Sarah","Brown","jose85@example.org","507-285-4159"
772,"Eric","Leah","Norris","erintucker@example.net","706.597.0941x0346"
773,"Paul","Barry","Barnes","jimenezphilip@example.com","+1-278-568-1300"
774,"April","Deanna","Carter","tjohnson@example.com","(923)989-8245x433"
775,"Sherry","Nathaniel","Clay","robert02@example.com","949-231-1398x354"
776,"Jamie","Jordan","Wright","mayandrew@example.com","001-424-558-6440x46090"
777,"Shawn","Julian","Bass","andrea69@example.net","(791)456-6353"
778,"Margaret","Jessica","Cooley","plyons@example.org","+1-413-624-6187x231"
779,"Kevin","Jamie","Walker","dallen@example.com","+1-888-521-6346x814"
780,"Anne","Joshua","Houston","ljennings@example.org","(308)751-3545x4252"
781,"Anthony","Jack","Kramer","rosehaas@example.net","001-822-504-6232x6070"
782,"Anthony","Derek","Wright","jharrington@example.com","696-586-5975"
783,"Randy","Karen","Novak","christine32@example.org","972.698.3265x156"
784,"Joseph","Jeffrey","Ware","jlee@example.com","(943)902-6686x5941"
785,"Emily","Kimberly","Dennis","cory72@example.org","001-345-324-2756"
786,"Latoya","Sydney","Carter","kristen90@example.net","001-826-651-8067x6430"
787,"Brenda","Adrian","Sanders","helengriffith@example.org","339-473-8607x6208"
788,"Catherine","Katrina","Murphy","kwilliams@example.org","733.507.2783x0889"
789,"Robert","James","Sanchez","tbonilla@example.org","283.822.2387"
790,"Alexander","Steven","Atkinson","james05@example.org","747-700-5749x844"
791,"Phyllis","Ryan","Wallace","kevinyoung@example.net","912.720.8830"
792,"Jenna","Kenneth","Lee","jrodriguez@example.net","579-528-9076x08397"
793,"Kevin","Gabriel","Santiago","ramoslisa@example.org","(984)266-9456"
794,"Jennifer","Theresa","Arnold","wfernandez@example.org","(580)461-4791x014"
795,"Nathan","Danielle","Munoz","markgomez@example.org","350.821.9563x1310"
796,"Katherine","Elaine","Hernandez","traci91@example.net","946-502-9259"
797,"Jessica","Ronald","Gentry","nmorales@example.com","807-904-0232"
798,"Melissa","Jessica","Chung","kingdonna@example.com","837.994.3565"
799,"Theresa","Erica","Manning","knighterin@example.org","662-227-6908x27673"
800,"Jacob","Julia","Johnston","michaelwells@example.org","(844)938-7213"
801,"Cynthia","Dylan","Frey","wmaynard@example.com","+1-752-594-2293x0543"
802,"Gregory","Tonya","Molina","gdaniels@example.org","(692)393-4210x728"
803,"April","Kimberly","Hester","adiaz@example.com","431.790.0435x85950"
804,"Valerie","William","Lowe","jensendavid@example.net","415-432-3816x75250"
805,"Joshua","Brittany","Jones","kenneth46@example.net","335.797.2686"
806,"Stephanie","Gary","Gonzalez","oavery@example.org","(277)499-0901x4134"
807,"Peter","Tina","Howard","glen39@example.com","736-940-5943"
808,"Bailey","Joanna","Palmer","josephbell@example.net","629.211.1885x7641"
809,"Dominique","Paige","Fletcher","tamaragreer@example.org","878-211-1294"
810,"Brad","Patrick","Aguilar","gpaul@example.com","001-931-511-1389x66223"
811,"Joseph","Samuel","Francis","johnanderson@example.net","918-835-3221x65963"
812,"Andrew","Mark","Lawrence","racheljohnson@example.com","+1-764-843-9168x6093"
813,"Michael","Wendy","Garcia","curtismichelle@example.net","(371)746-3952x8591"
814,"Abigail","Steven","Howard","bkent@example.org","646.457.2960"
815,"James","Dennis","Rivera","michellegarcia@example.com","+1-444-632-5788x337"
816,"Veronica","Emily","Clark","rodriguezsteven@example.net","(868)722-9003x334"
817,"Vicki","Julie","Parks","tylermann@example.org","675.420.6481x38404"
818,"Melissa","Debra","Kim","hallrobin@example.org","702.424.8434x868"
819,"Steve","Nathan","Gutierrez","yfowler@example.org","001-531-351-1668x07866"
820,"Christina","Gary","Ellis","jocelynstone@example.net","368.733.4283"
821,"Michele","David","Harper","qmontgomery@example.net","001-333-832-4906x33965"
822,"Meghan","Rebecca","Middleton","cruzdeborah@example.com","603.215.9613"
823,"Rachel","Allison","Mason","ramirezdarryl@example.net","733-561-0652"
824,"Valerie","Steven","Brown","ashley33@example.org","(788)901-7617x9720"
825,"John","Christine","Scott","kevin09@example.net","001-916-859-3885"
826,"Brianna","Larry","Fleming","watsonkenneth@example.com","(459)299-8022x5745"
827,"Eugene","Alexis","Rodriguez","travishernandez@example.com","(612)804-6423x363"
828,"Thomas","Joshua","Chase","andrewmejia@example.net","(508)683-6146x038"
829,"Lindsey","Kirsten","Martinez","johnsonrobert@example.com","(584)774-9191"
830,"Philip","James","Hernandez","hknight@example.org","763.714.2467"
831,"Jon","Kevin","Boyd","sheppardjustin@example.org","+1-551-683-5098x08416"
832,"Kathleen","Colleen","Wilson","kristinabaker@example.net","920-509-7940x7449"
833,"Patricia","Cody","Jackson","gshort@example.net","(750)924-2210x6789"
834,"Jonathan","Shelby","Smith","vmartin@example.net","+1-761-826-6806x2120"
835,"Marcus","Stephanie","Marquez","stuartdale@example.net","855.432.9850"
836,"Jill","Marcus","Velez","ambermcbride@example.org","512.538.7589"
837,"Kathleen","Jessica","Wood","michael39@example.org","469.817.5533x59317"
838,"Ashley","Stacy","Castillo","omccarthy@example.org","570-722-8729"
839,"Melissa","Zachary","Franklin","vbrown@example.org","+1-782-824-9438x51435"
840,"Angela","Paula","Taylor","ygarza@example.com","355.937.2156x4217"
841,"Sarah","Cindy","Rodriguez","ellismichelle@example.org","+1-847-244-8667x26045"
842,"Jennifer","Mark","Taylor","leblancjenny@example.net","(873)346-6472x14861"
843,"Robert","Leonard","Wood","ralphrobinson@example.com","+1-635-480-2367x137"
844,"Kent","Richard","Khan","chawkins@example.net","950.433.1350x71564"
845,"William","Rebecca","Cruz","yfigueroa@example.net","805-410-9724"
846,"Eileen","Antonio","Cantrell","gjohnson@example.net","+1-416-665-8071x97434"
847,"Brenda","Donald","Freeman","ifisher@example.org","001-269-642-5345x7258"
848,"Allison","Matthew","Hawkins","nicholasnash@example.org","001-603-470-7531x6642"
849,"Gregory","Michael","Hebert","ihayes@example.org","835-466-7753"
850,"Eric","Christina","Mullen","kimberlygarza@example.com","876-976-5003x529"
851,"Jerry","Kimberly","Villarreal","colin70@example.org","(458)629-4118"
852,"John","Dana","Phillips","cberry@example.com",3252665299
853,"Thomas","Amber","Schmidt","hwoods@example.net","+1-206-443-0668x64358"
854,"Scott","Jose","Wallace","mosscesar@example.com","722.314.8883"
855,"David","Linda","Marquez","michael61@example.net","656.658.5386"
856,"Hayden","Adrian","Hawkins","qwhite@example.net","+1-953-350-3469x165"
857,"John","Scott","Duncan","njohnson@example.org","763-883-7956"
858,"Lisa","Sarah","Padilla","nreeves@example.org","808.601.2037"
859,"Melissa","Jose","Peters","samanthasmith@example.com",3204520007
860,"Hailey","Rachel","Jenkins","wangcharles@example.com","318.891.6525x163"
861,"Scott","David","Atkinson","donaldwells@example.net","001-707-549-2561x59293"
862,"Robert","Terrence","Clark","antoniogardner@example.org","445-902-6537x482"
863,"Carol","Diane","Dominguez","campbellchristine@example.org","(413)416-7647"
864,"Alexandria","Tyler","Collins","crystaltaylor@example.com","378.821.1107x7261"
865,"Kevin","Jessica","Barnes","xdelgado@example.net",5038147536
866,"Katherine","Katherine","Wilson","mruiz@example.net","803-468-7488x348"
867,"Brad","Emily","Hudson","sergio86@example.com","+1-682-882-8952x59285"
868,"Meredith","Charles","Payne","jerry72@example.org","(797)200-7616"
869,"Charles","Katherine","Smith","dchan@example.com","836.789.9900"
870,"David","Tracy","Waters","seth25@example.com","873.233.4923x5135"
871,"Dustin","Robert","Foster","seanenglish@example.org",5417611530
872,"Jennifer","Manuel","Bennett","collinsreginald@example.org","364-229-9962x01559"
873,"Cheyenne","Elizabeth","Osborne","vclarke@example.com","+1-619-868-4292x933"
874,"Alicia","Justin","Lambert","gmason@example.net","(959)645-4726x78023"
875,"Jeremy","Valerie","Buchanan","waltonjennifer@example.net","718.808.6252x069"
876,"Stephen","Heather","Allen","lawsoneric@example.net","703-290-1850"
877,"Tony","Jessica","Lyons","pamelawood@example.net","001-732-888-2712"
878,"James","Leon","Duffy","lisa31@example.org","(216)693-7066"
879,"Amanda","William","Newman","stevenoliver@example.org","001-559-637-3170"
880,"Mandy","Carolyn","Stafford","foxlevi@example.net","(656)237-5196"
881,"Brandon","Michele","Fitzpatrick","nwilliams@example.net","585.210.4924"
882,"Deborah","John","Silva","htravis@example.net","(429)418-2800"
883,"Vanessa","Mathew","Watson","amandakennedy@example.org",4107191131
884,"Emily","Rachel","Carter","melissamason@example.org","(712)349-7771x0938"
885,"April","Karen","Ward","katherinetaylor@example.com","486-636-5604x578"
886,"Abigail","John","Moore","ugregory@example.org","376-910-0168x8698"
887,"Jessica","Kimberly","Johnson","david61@example.com","640.475.3149"
888,"Robert","Steven","Russell","hilljohn@example.com","+1-472-704-2294x8691"
889,"Diane","Paige","Bauer","potterdestiny@example.net","(539)400-8752"
890,"Randy","Nancy","Newton","calebgilbert@example.org","(665)455-5898"
891,"Stephanie","Bob","Neal","mcohen@example.com","744.344.3751"
892,"Stephanie","Candace","Sanchez","kingjohn@example.com","(245)557-3252x30571"
893,"Cody","Kevin","Vaughn","fosteraaron@example.net","+1-724-673-2599x0157"
894,"Victoria","Maria","Lowery","xreed@example.org","+1-445-690-2707"
895,"Matthew","Richard","Stephens","duncanmorgan@example.net","508.284.5584x16277"
896,"Christopher","David","Smith","luissanders@example.org","720-607-6176x15784"
897,"William","Jacob","Shaw","carrie32@example.com","(966)443-2277x792"
898,"Joseph","Monica","Carter","qjones@example.net","+1-242-507-7904"
899,"Christopher","Alice","Garcia","camposrobert@example.org","+1-575-271-6084"
900,"Stacey","John","Sims","matthew30@example.net","674-795-9778x065"
901,"Richard","Rachel","Franco","josesingleton@example.org","001-409-755-4639x22569"
902,"Jennifer","Robert","Adams","cmeyer@example.net","001-665-758-2959x0505"
903,"Samuel","Ashley","Rodriguez","aandrews@example.org","+1-819-647-4937x265"
904,"Terry","Calvin","Williams","stanleydouglas@example.net","552.783.6876x91431"
905,"Erin","Wanda","Oconnor","zmoreno@example.org","706.739.8906x92493"
906,"Steven","Charles","Carter","mannlauren@example.org","(674)301-9473"
907,"Jason","Dustin","Lucero","ashley45@example.com",2882090983
908,"Cheryl","Kaitlin","Quinn","donnagonzalez@example.net","+1-397-791-9801"
909,"Ann","Krista","King","david61@example.net","001-740-304-5219"
910,"Alyssa","Tina","Murray","bridget77@example.com","797-529-0391"
911,"Howard","Nicole","Ford","joelanderson@example.com","752.688.6972"
912,"Tammy","Kelly","Daniel","james76@example.com","(261)471-9555"
913,"Anthony","Madison","Barry","samantharhodes@example.net","(789)973-1366"
914,"Ethan","William","Martin","brenda91@example.com",2368161100
915,"Abigail","Rebecca","Ford","whunter@example.org","259-267-9752"
916,"Sandra","Brian","Knapp","david37@example.net","+1-355-974-2670x607"
917,"Tina","Susan","Allen","kimberly92@example.net","904-292-9312"
918,"Isaiah","Richard","Wright","russellgarcia@example.net",5595372096
919,"Sharon","Nathan","Perez","murraykyle@example.com",9358317980
920,"Jennifer","Daniel","Preston","robert98@example.org","947-914-5448x214"
921,"Michael","Michael","Long","hhenderson@example.com","(632)843-4210x76285"
922,"Madison","Wendy","Patrick","carolynquinn@example.net","(258)620-1653x59813"
923,"Stephen","Courtney","Carter","hcochran@example.org",3946163308
924,"Eric","Jennifer","Cabrera","stewartcolton@example.net","506-504-6551"
925,"Thomas","Jonathan","Nelson","zthomas@example.net","491-343-5855x60047"
926,"Lisa","Summer","Meza","rachelmora@example.net","(950)331-3921x6202"
927,"Cindy","David","Rojas","jeffreysmith@example.com","(667)262-2071"
928,"Julia","Amanda","Mitchell","staffordkrystal@example.org","(238)833-4511"
929,"Robert","Shannon","Stanley","xgibbs@example.net","927-844-2536"
930,"Walter","Charles","Gregory","michelle07@example.net","343-419-6492x843"
931,"Darrell","Richard","Moore","henry13@example.net","519.893.7704x935"
932,"Robert","Julie","Freeman","xacosta@example.org","622.484.6346x7339"
933,"Kyle","Tammy","Barnett","aliciarhodes@example.net","+1-508-927-8683"
934,"Jason","Jacob","James","gwatts@example.org","001-451-821-6230x64988"
935,"Susan","Sandra","Stewart","cynthiahoover@example.org","001-863-649-2227x0295"
936,"Mary","David","Parker","smithcheryl@example.net","(564)585-6740x1197"
937,"Heather","Logan","Davis","qsmith@example.org","(749)864-7986"
938,"Veronica","Kelly","Gutierrez","luisreed@example.net","879-624-4507x88610"
939,"Matthew","Joseph","Duke","cory94@example.org","589.772.5072x304"
940,"Scott","Frederick","Daniel","kathryncochran@example.org","431-224-9084"
941,"Christina","Thomas","Leach","crystalreed@example.org","001-763-620-4784"
942,"Karen","John","Martinez","allisonscott@example.com","733.878.9029"
943,"Laura","Matthew","Martinez","dphillips@example.net","+1-218-433-4528x06055"
944,"Kathleen","Sara","Clark","anthony23@example.org","517-426-2137x26477"
945,"Guy","Christopher","Brooks","philip94@example.org","366.320.4392x7539"
946,"Troy","Peter","Gibson","sshepherd@example.com",8542902771
947,"Christopher","Kyle","Shaw","asmith@example.net","911.987.7161x5350"
948,"Timothy","Tracey","Garcia","zfitzpatrick@example.net","475.432.6817x102"
949,"Chelsea","Michelle","Taylor","amanda66@example.com","652-513-2635"
950,"Kristin","Kylie","Greer","martinezryan@example.net",5285348738
951,"Samantha","Danny","Nelson","owensreginald@example.org","001-428-392-1649x45780"
952,"Robert","Eddie","Prince","johnsonrebecca@example.com","670.771.0993x6432"
953,"Danielle","Patricia","Bolton","megan40@example.org","+1-472-541-5397"
954,"Jared","Steven","Alvarado","austin64@example.com","817-530-4769"
955,"Heather","Gina","Mejia","millshaley@example.com","236-996-8960"
956,"Frank","Julie","Smith","oconnorchristopher@example.net","(351)465-6071x692"
957,"Richard","Donna","Gallagher","colin63@example.org","+1-991-331-1452x12062"
958,"Paula","Sandra","Williams","martinashley@example.com",7786817948
959,"Lisa","Katie","Joyce","jonathan28@example.org","001-224-582-2232x575"
960,"Bruce","Matthew","Ferguson","bradleymitchell@example.com","808.518.7944x7268"
961,"Jesse","Shawn","Barrett","moconnor@example.com","272-947-1971x926"
962,"Lisa","Ann","West","charles02@example.org","833-232-8147"
963,"Brenda","Crystal","Burton","jocelynrussell@example.com","(769)578-2678"
964,"Thomas","Brett","West","berryjillian@example.com","(714)753-8416"
965,"Amber","Michael","Freeman","chadwebb@example.com",4565020970
966,"Robert","Shannon","Murphy","brandon13@example.com","300-214-4944x81152"
967,"Latoya","Daniel","Wood","nrichards@example.org","495.294.3024x153"
968,"Willie","Jennifer","West","davidandersen@example.org","(974)715-6860x5057"
969,"Elizabeth","Debra","Madden","brian80@example.org",6867833304
970,"Ian","Roger","Williams","fwyatt@example.net","507.200.3932x89718"
971,"Joshua","Steven","Anderson","beckerstephanie@example.net","(569)913-6550"
972,"Matthew","Sarah","Li","michael05@example.net","538.322.4242x8190"
973,"Matthew","Zachary","Waller","umurphy@example.net","(746)949-1563"
974,"Jean","Teresa","Wright","cbradley@example.org","(266)287-8203x05425"
975,"Kayla","Stephanie","Miller","halexander@example.net","(217)748-3772"
976,"Angel","Robert","Hall","christian51@example.org","+1-264-657-0393x548"
977,"Robert","Jared","Romero","courtneyshields@example.com","445-725-3829x910"
978,"Lindsay","Stacey","Hart","shane15@example.org","001-704-461-5676x446"
979,"Chelsea","Keith","Jarvis","bryan72@example.org","001-387-427-1777"
980,"James","Adam","Brown","pricejennifer@example.net","+1-262-304-6489x81374"
981,"Amy","Daniel","Ball","kristi67@example.com","+1-232-772-8318x3020"
982,"Carrie","Brian","Clark","odillon@example.net","462.984.7516x71497"
983,"David","Eric","Simon","william90@example.com","001-904-426-5244"
984,"Sharon","Melissa","Gonzalez","waterssherry@example.org","517.488.6795"
985,"Martin","Brian","Benjamin","wdavila@example.com","(231)894-2258"
986,"James","Christine","Hall","cannonkimberly@example.net","001-442-272-0561x4272"
987,"William","Christopher","Reynolds","hvelasquez@example.com","838.565.7601x8004"
988,"Ryan","Eric","Ortiz","joshua33@example.com",6887507129
989,"Sarah","Douglas","Kim","mcgrathmary@example.net","+1-413-504-5110x145"
990,"Paul","James","Brown","gallen@example.org","556.968.2099x3656"
991,"Kelsey","Ernest","Morales","kmcguire@example.net","+1-649-474-3223"
992,"Jeffrey","Michael","Thornton","susanbrown@example.net","(533)360-2337"
993,"Andrew","Tammy","Brown","pthomas@example.net","848-943-8127x537"
994,"Emily","Vincent","Gardner","ecowan@example.net","282-309-6321"
995,"James","Jose","Franklin","imontgomery@example.org","219.462.6556x0825"
996,"Thomas","Nathan","Brooks","nwilson@example.com","582-631-0995x031"
997,"Eric","Erica","Ramirez","kimberly96@example.com","(320)992-4944x9316"
998,"Stacy","Katie","Rodriguez","alexisphillips@example.com","322.883.7544"
999,"Michael","Kenneth","Washington","bhorne@example.org","(787)243-8933x9103"
1000,"Rebecca","Nathaniel","Finley","qlewis@example.org","467-227-9632"
