"order_id","seller_id","item_id","customer_id","address","date"
1,140,637,449,"2105 Webster Stream
East Anne, GA 22571","2021-11-01"
2,263,127,60,"5125 Robert Tunnel Apt. 834
Ginaland, CA 82684","2023-05-24"
3,291,547,409,"74238 Salazar Street Apt. 726
Lake Lindaside, MI 80740","2020-06-27"
4,540,320,902,"65660 Jennifer Rapid
East Juan, IN 33909","2021-07-26"
5,591,811,424,"695 Alexander Knoll
North Paulatown, KY 38444","2021-02-15"
6,288,665,202,"38040 Kyle Parkway
Riveraland, DE 61509","2020-01-23"
7,986,814,922,"648 Scott Rapid
Morganland, UT 19758","2020-12-02"
8,953,1,142,"73753 Griffith Valleys Apt. 889
South Jefferyfort, MI 73285","2022-02-20"
9,371,172,171,"356 Edward Views Apt. 420
Lake Jamesmouth, HI 51818","2020-08-07"
10,609,317,42,"47568 Carrie Loaf
Erichaven, ID 46801","2022-03-09"
11,449,93,222,"9039 Richard Spring
Michaelland, AS 58712","2021-12-13"
12,299,609,192,"18915 Hayes Isle Suite 845
East Maria, UT 85797","2023-06-27"
13,746,242,157,"63286 Fitzpatrick Path Suite 381
Sandraberg, NM 92361","2021-11-15"
14,329,656,498,"Unit 7196 Box 9210
DPO AA 47933","2021-06-27"
15,462,878,761,"016 Murphy Gateway
South Shelbymouth, NY 12401","2021-09-17"
16,994,999,193,"56215 Krueger Pine
Burnsborough, DC 79584","2021-03-20"
17,624,500,857,"581 Suzanne Stream
Phamton, NY 79685","2020-04-23"
18,422,887,430,"63055 Debra Station Suite 848
Kennedyport, AL 30935","2021-08-21"
19,262,328,176,"9192 Charlotte Crescent Suite 377
North Wanda, OR 09999","2022-01-14"
20,743,799,472,"147 Katherine Courts Apt. 520
North Tammymouth, IN 58317","2021-08-30"
21,290,595,793,"USS Bell
FPO AE 73641","2022-10-13"
22,901,578,726,"9666 Joshua Avenue Apt. 093
New Sherriport, CO 48627","2022-06-06"
23,43,233,745,"51618 Roberto Haven Apt. 097
Rossview, FM 79172","2021-08-10"
24,543,208,907,"10445 Karina Mills
Kristenfort, AL 79294","2021-12-11"
25,849,35,790,"21611 Morgan Lock Apt. 024
Sancheztown, NE 79320","2021-07-17"
26,595,916,639,"926 Rangel Points Apt. 459
North John, IA 70425","2021-07-25"
27,702,32,4,"Unit 9518 Box 3959
DPO AE 42110","2021-05-21"
28,540,728,796,"239 Tyrone Circle
Port Alyssa, GU 06889","2022-10-02"
29,76,452,229,"7756 Edward Ferry Suite 135
Melissaport, IA 41050","2023-06-09"
30,72,735,282,"61593 Richard Lights
Lake Andre, MS 10647","2023-05-24"
31,199,4,817,"7611 Jeffrey Mills Suite 665
East Amberbury, KY 23692","2021-09-15"
32,73,135,324,"5863 Rocha Plaza Apt. 855
East Daisy, NC 77227","2022-08-17"
33,12,792,301,"13213 Payne Walk Suite 149
Lake Maryborough, MS 48649","2023-02-04"
34,482,691,527,"0732 Carol Mountains
North Latoya, TX 09776","2020-03-15"
35,385,799,495,"90778 Steven Centers
Butlerton, KS 35428","2020-03-26"
36,773,832,732,"77474 Michael Trace
South Billystad, NM 08177","2023-05-31"
37,591,73,110,"819 Rodriguez Highway Suite 064
West Jodiland, OH 06318","2022-04-10"
38,317,530,518,"319 Deleon Fort Apt. 381
New Charles, NE 60051","2020-06-19"
39,485,280,633,"1355 Tony Locks Suite 952
Lanceville, SD 90269","2022-02-26"
40,665,659,601,"4079 Newton Dam Apt. 077
East Heather, RI 55490","2022-04-04"
41,513,130,45,"224 Kelli Landing
Youngshire, SD 57497","2021-10-29"
42,716,697,608,"USNS Vance
FPO AE 35312","2022-01-09"
43,898,74,174,"66553 Day Lodge Apt. 335
Meltonport, AR 80873","2022-07-19"
44,221,872,574,"65763 Yates Lake Suite 314
West Barbara, VI 89404","2022-01-09"
45,671,666,2,"71610 Connie Land Apt. 903
Newtonhaven, HI 12058","2021-01-18"
46,866,939,465,"01100 Roberts Overpass Suite 664
Scottstad, ID 70869","2021-04-18"
47,369,194,157,"8915 Mary Mission
Elizabethfort, SD 11533","2020-03-12"
48,545,518,593,"81543 Farrell Track
Barajasshire, TN 78321","2022-03-10"
49,811,906,398,"3734 Anna Summit
Tracyhaven, MN 81992","2023-05-31"
50,495,419,733,"13326 Lopez Overpass Apt. 365
Parkerhaven, MP 95357","2021-01-11"
51,236,365,897,"051 Billy Lodge Apt. 158
Howellchester, MS 25126","2021-07-03"
52,370,70,220,"385 John Inlet Suite 571
North Mary, AL 50843","2022-02-12"
53,255,474,218,"3932 Paula Lake
Mitchellfurt, ND 37524","2023-04-07"
54,790,758,166,"9771 Harris Mall Apt. 007
Johnview, NM 57709","2022-05-04"
55,178,725,942,"PSC 0435, Box 1968
APO AE 73689","2022-08-08"
56,407,17,868,"989 Fitzgerald Village Apt. 885
West Joseph, MS 34155","2020-08-17"
57,947,514,956,"3501 Martin Mountains
Port Melissaton, NV 78730","2020-01-13"
58,59,335,879,"139 Mcconnell Plain Apt. 409
North Timothyview, AZ 13555","2020-06-17"
59,325,488,831,"78144 Drake Plain
West Juliafort, PW 93919","2022-01-24"
60,847,442,376,"60319 Barbara Walks Suite 713
Port Maryton, OK 42053","2020-05-22"
61,482,1000,747,"258 Erica Locks Suite 961
Lake Andrew, NM 82551","2021-10-19"
62,658,298,114,"827 Freeman Roads
Johnsonmouth, MT 96137","2020-06-07"
63,295,790,710,"22260 Patricia Coves
East Nathanielmouth, AR 88760","2022-03-06"
64,649,355,452,"Unit 7967 Box 5649
DPO AA 40013","2021-03-05"
65,129,191,759,"870 Ronald Corners
Lake Anthonyport, SD 18640","2022-08-17"
66,801,458,62,"747 Smith Island
Smithstad, GA 97641","2021-11-15"
67,351,775,486,"5264 Landry Unions Apt. 068
Jonesport, AK 25976","2020-01-23"
68,144,796,123,"961 Chelsea Springs
East Audreytown, MT 91856","2021-09-15"
69,385,843,55,"134 William Junctions Suite 233
North Sean, AK 53030","2022-05-23"
70,898,615,969,"3447 Joe Coves Suite 675
New Roberthaven, GA 18506","2020-07-07"
71,576,237,451,"732 Smith Union
Stephaniechester, CT 48065","2022-03-09"
72,200,392,859,"44083 Anthony Heights Suite 027
Lake Joseph, WA 87972","2021-09-05"
73,405,177,115,"005 Trevino Tunnel
South Norman, MH 21385","2022-10-21"
74,851,241,759,"34438 Janet Unions
Hernandezburgh, WY 56946","2021-02-02"
75,306,537,555,"794 Chelsey Shore Suite 075
West James, NH 88551","2022-12-31"
76,879,13,132,"246 Miller Trail
Alexafort, OK 67427","2023-03-12"
77,544,752,974,"6762 Sullivan Streets
Georgeport, FL 48658","2022-05-26"
78,467,525,11,"93109 Hailey Turnpike Suite 095
South Micheal, OH 34417","2021-05-13"
79,273,933,472,"9146 Rhodes Lodge Apt. 869
South Jacquelineborough, KY 70206","2021-02-17"
80,661,379,528,"Unit 1020 Box 9958
DPO AA 03109","2022-11-07"
81,111,504,491,"632 Michael Estate
New Gabrielmouth, CT 33245","2020-01-07"
82,800,56,503,"0368 Charles Knolls Suite 326
Lake Michelletown, NJ 15597","2023-02-13"
83,977,482,844,"7483 Kidd Union Suite 682
South Breanna, RI 89994","2021-08-14"
84,208,237,908,"6374 Mckinney Ranch
Travisfort, ME 43994","2020-05-20"
85,659,699,378,"USNS Bright
FPO AE 07811","2021-12-15"
86,242,890,691,"3049 Fox Ridges Suite 810
Port Dave, MA 11028","2021-12-08"
87,787,781,765,"045 Brian Overpass
South Kayla, AR 91769","2021-03-16"
88,406,124,664,"340 Bell Alley
North Adam, IA 64663","2022-04-12"
89,98,721,375,"57835 Graham Island Suite 671
Waltersview, NC 18368","2023-03-11"
90,874,74,448,"24381 Joshua Mount Suite 564
Maureenshire, WA 22284","2021-06-23"
91,269,751,821,"4544 Lee Hills
West Johnland, LA 72070","2021-11-29"
92,360,150,319,"7012 Sarah Meadows Apt. 229
Lake Brittany, WI 34358","2021-05-02"
93,650,214,204,"99838 Allison Loop
Lake Paulatown, CT 07907","2021-04-04"
94,658,717,894,"3595 Sophia Trace Suite 569
Lake Richard, WY 36018","2022-10-05"
95,836,138,890,"81451 Chelsea Park Apt. 170
Lake Hailey, NY 25545","2020-05-30"
96,361,672,152,"9447 Stacey View Suite 762
South Gary, ID 62168","2020-01-21"
97,419,890,271,"245 Wilson Ranch
Kingland, FM 11017","2020-10-31"
98,713,976,443,"8983 Clark Bypass
North Kathyberg, SC 32801","2023-04-15"
99,74,157,629,"68645 White Ridge
Beckside, CT 39255","2020-01-03"
100,581,103,659,"20830 Larry Groves
Danielsmouth, MA 08469","2020-10-29"
101,53,780,661,"35745 Dennis Locks Apt. 736
New Marcburgh, NM 08849","2020-10-07"
102,384,231,557,"080 John Passage
Williamshire, NV 74923","2022-03-24"
103,636,274,231,"51023 Holt Drive
North Jennifer, IN 59385","2021-12-17"
104,936,240,848,"3195 Jessica Landing Suite 536
New Alison, NE 13231","2020-07-16"
105,815,151,826,"984 Kim Trail
Amberport, FM 10064","2021-04-10"
106,267,394,74,"764 Velasquez Street Suite 518
Leeport, CO 44313","2022-09-21"
107,355,457,398,"Unit 3884 Box 0152
DPO AP 97903","2020-08-27"
108,574,62,613,"75064 Chambers Overpass
North Carlosfort, AZ 04339","2022-05-15"
109,583,21,757,"36159 Edgar Views Suite 089
Sandrahaven, WV 43018","2022-06-15"
110,248,805,741,"266 Sally Parkway
Taylorburgh, FL 70448","2020-10-03"
111,455,653,661,"608 Porter Shoal
Alvarezchester, CA 53535","2020-10-26"
112,244,478,223,"19964 Melendez Crossroad
West Karen, MO 43830","2022-12-22"
113,857,202,144,"4126 Kennedy Stravenue Suite 285
Aaronville, NJ 43274","2022-12-02"
114,631,704,381,"844 Roberts Lights Apt. 433
Jamesmouth, VA 43826","2021-07-11"
115,204,836,839,"455 Karen Station Apt. 301
Deborahstad, AZ 55551","2021-06-30"
116,203,297,26,"972 Owens Shores
Codyview, AR 11255","2022-02-04"
117,713,300,456,"875 Calderon Causeway
South Johnville, RI 44170","2022-05-15"
118,514,414,156,"875 Smith Unions
North Debrachester, HI 26558","2022-01-29"
119,202,654,364,"95957 Vanessa Fork Apt. 016
Christinafort, ME 91951","2020-08-24"
120,808,226,474,"30976 Erickson Locks Apt. 727
New Steveton, SD 28183","2020-03-01"
121,414,643,342,"2605 Davis Lodge
North Melindachester, VA 91637","2021-07-23"
122,845,333,858,"8608 Oneill Plains
Townsendchester, VT 40101","2023-06-06"
123,96,154,34,"9540 Dixon Island
Ginaside, VT 63452","2020-01-05"
124,931,910,159,"04964 Hanson Motorway Apt. 488
New Maryhaven, LA 62192","2021-03-27"
125,609,989,894,"62191 Jonathan Common
New Donna, NM 43674","2022-11-14"
126,552,342,406,"USS Martinez
FPO AA 55248","2020-09-30"
127,860,902,725,"99616 Moore Land Suite 033
North Troyfort, UT 57269","2023-05-26"
128,791,911,136,"853 Sara Spring Suite 391
East Adriana, NJ 33684","2023-03-10"
129,281,437,575,"585 Mary Causeway
West Tammy, GU 22158","2023-05-07"
130,259,376,201,"0361 Gregory Prairie
Lake Katie, WY 52072","2023-01-05"
131,846,574,730,"917 Charles Shores Suite 085
East Frederick, NY 05329","2020-12-02"
132,867,712,53,"84561 Tara Square Apt. 780
South Megan, MS 45673","2023-06-15"
133,581,230,328,"772 Camacho Curve
West Kaitlyn, DC 71356","2022-06-01"
134,204,738,982,"6914 Baker Walk Apt. 232
New Annfort, CA 74569","2020-06-29"
135,939,830,28,"067 Robert Flat Apt. 357
West Jennifer, DC 26842","2020-06-22"
136,710,512,252,"24059 Pratt Ports Suite 089
East Ashleybury, NH 71429","2021-05-15"
137,741,30,329,"747 Joyce Mount
Douglasfurt, VA 76527","2020-03-18"
138,153,601,598,"PSC 5736, Box 2921
APO AP 86869","2022-05-08"
139,944,992,398,"322 Bauer Gardens
Port Breannashire, PR 16063","2020-01-22"
140,215,75,929,"331 Heather Groves Apt. 846
Lake Alejandro, SD 94943","2023-04-30"
141,149,75,836,"4007 Manning Mountains Suite 828
Thomasberg, VA 71525","2021-09-02"
142,303,921,378,"PSC 1962, Box 5677
APO AA 90918","2020-01-14"
143,993,61,381,"8000 Washington Tunnel Suite 628
Port Curtishaven, MD 85701","2020-04-25"
144,204,483,134,"0777 Oliver Gardens
Lake Tara, IL 49689","2021-10-14"
145,41,363,847,"USS Morrison
FPO AE 52100","2022-06-23"
146,611,910,219,"073 Timothy Lodge Suite 476
New Jerryland, MA 20708","2020-04-08"
147,679,168,395,"6422 Smith Port
Lake Joseph, NY 26154","2021-04-12"
148,994,662,296,"4763 Deborah Spurs
South Ericaberg, LA 49182","2021-09-06"
149,792,971,207,"2579 Joshua Stravenue Suite 282
Lake Lisa, NY 56362","2023-06-11"
150,588,833,6,"228 Rebecca Inlet
Jonathanshire, LA 20177","2023-07-04"
151,121,626,223,"2360 Emily Loop Apt. 807
Hornberg, FM 06080","2020-01-09"
152,39,979,803,"8936 Black Viaduct
South Petermouth, OH 07575","2022-08-22"
153,462,142,32,"39918 Frank Station
Rachelview, IN 66743","2023-02-06"
154,150,446,6,"63514 Coffey Via Apt. 072
Aguirremouth, VT 12539","2021-06-09"
155,260,553,327,"25621 Chad Burgs
Anthonyside, AL 67792","2020-05-17"
156,466,446,84,"38603 Thomas Island Apt. 679
East Williammouth, MS 21225","2022-07-08"
157,664,504,428,"00149 Walker Row
Lucasmouth, DE 89346","2021-01-29"
158,507,106,466,"980 Walker Divide
Lake Emily, IL 88550","2020-04-30"
159,941,263,747,"518 Gordon Branch Apt. 747
North Andrew, NY 92609","2023-03-22"
160,207,401,391,"PSC 2689, Box 3423
APO AE 66852","2020-02-23"
161,612,491,173,"PSC 2075, Box 4781
APO AP 74939","2021-05-03"
162,3,418,357,"4335 Fischer Highway Apt. 321
West Daniel, OK 41145","2020-02-25"
163,434,782,62,"28518 Johnson Lane Suite 222
South Jillianstad, WV 07661","2022-05-10"
164,891,487,234,"2453 Estrada Cape Suite 484
West Jose, DE 40297","2022-01-29"
165,42,903,553,"5498 Davenport Mills Suite 182
Scottfurt, IL 24216","2020-06-30"
166,89,553,669,"47715 Cynthia Street Apt. 187
Port Brendachester, KY 32119","2023-06-03"
167,588,928,321,"66987 Martinez Meadows Apt. 691
Espinozachester, WI 99199","2021-10-04"
168,499,338,666,"0475 David Mill
Jacksonfort, SD 99427","2023-03-27"
169,895,743,889,"601 Roberts Islands
North Courtneyshire, WV 18252","2023-04-19"
170,975,98,358,"109 Barrett Trail Suite 989
Lake Kristen, MP 35441","2020-01-30"
171,301,400,466,"814 Kaufman Port Apt. 497
Lake Brian, NE 49930","2021-07-27"
172,432,643,828,"Unit 5199 Box 2364
DPO AA 04978","2020-12-29"
173,509,300,468,"37648 Caitlin Well Apt. 827
South Nancyport, CO 89157","2021-05-09"
174,118,505,670,"PSC 3930, Box 6984
APO AE 08108","2021-08-14"
175,834,794,684,"877 Jeffrey Coves Apt. 348
Perezberg, HI 95230","2023-03-17"
176,197,439,885,"07219 Curtis Grove
Connorberg, LA 22337","2020-03-06"
177,688,717,993,"8790 Dylan Fords
East Amy, AR 62764","2021-05-31"
178,355,883,495,"458 Rogers Mountain Suite 765
Larsontown, KS 40429","2021-05-13"
179,874,184,790,"196 Sean Glen
East Shirley, VT 58154","2020-04-08"
180,611,372,630,"6030 Shannon Groves
Billyborough, FM 18055","2022-12-30"
181,100,652,259,"04564 Aaron Corners Suite 241
Lake Christophermouth, ID 33464","2021-08-03"
182,32,417,952,"PSC 8356, Box 2590
APO AE 47262","2022-05-17"
183,964,940,604,"2098 Jonathan Cliff
East Sandra, VT 92955","2020-04-22"
184,646,228,483,"4870 Andrew Locks
North Jacobport, KS 60711","2022-11-29"
185,469,486,256,"613 Reid Ports
South Kimberlystad, OR 02920","2020-09-21"
186,308,949,338,"4576 Sellers Ford Suite 987
Smithside, AS 40496","2021-09-17"
187,584,490,849,"818 Michelle Mission Apt. 215
Port Michelleside, NE 01218","2022-08-31"
188,797,488,625,"9749 Lewis Locks
Lake Thomashaven, FM 71331","2022-05-27"
189,992,498,4,"20990 Francis Street Suite 450
New Johnton, LA 30622","2021-01-11"
190,698,851,299,"59145 Maria Dale
South Brianshire, IL 69303","2022-05-30"
191,168,998,197,"USNS Sandoval
FPO AA 25836","2022-02-28"
192,701,78,973,"3932 Joshua Locks
East Dakota, RI 44002","2021-11-17"
193,66,785,973,"6275 Schmidt Road
Lake Sean, UT 91861","2020-06-05"
194,101,487,891,"262 Coleman Stream Suite 550
Robertsbury, WA 38920","2021-01-25"
195,282,123,719,"398 Stephen Inlet
North Luke, CT 13095","2020-04-30"
196,344,171,302,"8432 Matthew Plain Suite 958
East Alanstad, WY 46458","2023-02-28"
197,430,336,315,"8785 Garrett Fords
Stephenton, RI 78929","2022-10-07"
198,337,318,911,"9257 Jessica Lakes Suite 999
Briannaland, AS 58044","2021-10-23"
199,550,944,900,"430 Regina Meadow Apt. 075
North Lisamouth, DE 88357","2022-06-16"
200,887,443,828,"55908 Garrett Common Apt. 060
Harrismouth, NJ 91996","2022-01-28"
201,628,756,116,"105 Rachel Springs Suite 399
East Benjaminmouth, IA 19612","2020-08-02"
202,885,861,364,"889 Lindsey Groves Suite 911
Lisaport, FL 78478","2021-11-07"
203,382,961,717,"82738 Heather Fall Apt. 900
Port Jameston, FL 17803","2022-09-25"
204,523,825,972,"USNV Allen
FPO AE 62190","2021-10-21"
205,426,819,772,"PSC 2669, Box 4304
APO AP 65329","2020-11-02"
206,767,992,250,"728 Smith Stream Apt. 320
Leechester, CO 71319","2020-12-09"
207,814,520,838,"736 Scott Throughway
North Adriennemouth, NV 33899","2023-04-25"
208,731,222,522,"61702 Fox Crossing Suite 032
Brownshire, OH 69709","2023-01-06"
209,928,595,836,"USS Williams
FPO AA 28965","2022-03-28"
210,355,395,82,"6249 Austin Springs
Lake Shannon, IL 42020","2021-03-17"
211,282,291,611,"9631 Haynes Trafficway Apt. 603
South Kevin, TX 77233","2022-05-10"
212,405,66,622,"69480 Molly Burgs Suite 418
Andrewtown, FL 90101","2023-01-04"
213,827,825,776,"22185 Traci Vista
Lake Robert, DC 61985","2022-02-23"
214,224,838,646,"095 Brandon River Apt. 766
Lake Jonathan, MT 01779","2022-03-19"
215,347,503,590,"5957 Maureen Pine Apt. 486
Amandaton, MN 75820","2022-03-05"
216,706,818,626,"0355 Nancy Mission Apt. 849
Jacksonburgh, PR 62091","2020-12-27"
217,535,842,855,"8950 Holland Point Apt. 067
Fosterburgh, CO 64273","2020-05-20"
218,901,952,515,"5298 Martinez Rue
Lake Jessica, TN 87415","2021-10-29"
219,172,232,25,"414 Virginia Loaf Apt. 344
South Jill, MP 02754","2020-09-01"
220,30,601,837,"399 Jones Streets
Lake Lisa, MD 15475","2023-03-09"
221,756,618,135,"811 Haynes Ports
North Katie, IA 67702","2021-03-21"
222,421,541,345,"60990 Lopez Ports Suite 523
Hannahport, AL 22807","2022-11-21"
223,43,789,122,"32653 Gonzalez Dam Suite 106
Lisaborough, AR 63513","2020-03-20"
224,518,116,921,"7375 Ryan Lock
Terryfurt, GU 24027","2020-11-17"
225,735,453,260,"710 Garcia Streets Apt. 973
North Daniel, PR 75739","2021-10-12"
226,464,597,47,"9096 Vincent Glens Suite 183
Averybury, VT 18747","2020-04-30"
227,883,221,828,"04120 William Inlet
East Heather, VI 34879","2020-12-29"
228,260,134,800,"919 Travis Lodge
Lake Kenneth, AK 70035","2020-05-04"
229,425,680,434,"0302 Gary Garden
North Timothy, VT 72019","2021-09-28"
230,683,897,13,"243 Kevin Creek Suite 056
Vasquezfort, MA 87220","2021-01-20"
231,964,221,154,"PSC 4390, Box 1991
APO AA 63666","2023-01-18"
232,508,430,846,"85102 Michael Stravenue
South Emily, WA 36114","2020-08-13"
233,977,130,408,"9490 Rodney Motorway Apt. 453
Simonton, LA 46769","2020-01-24"
234,592,104,455,"62278 Bird Wall Suite 474
Bauerborough, MS 05691","2023-04-16"
235,445,823,747,"PSC 8819, Box 7325
APO AE 78336","2022-05-31"
236,711,208,366,"2978 Ronald Lake Apt. 798
Priceshire, IL 79335","2022-09-21"
237,288,203,998,"64102 Rogers Roads Apt. 011
New Amber, NC 12883","2020-04-07"
238,373,961,828,"856 Barry Plaza
West David, PR 34198","2021-01-24"
239,385,438,429,"713 Christopher Forest
Chavezville, CO 78114","2021-11-07"
240,502,995,321,"965 Kennedy Ramp Apt. 674
Pearsontown, KS 37156","2021-11-26"
241,141,143,941,"98085 Tiffany Cliff
Sullivanborough, RI 92180","2020-11-29"
242,623,738,805,"659 Randolph Road Suite 413
Rileyberg, LA 24108","2022-12-15"
243,67,668,91,"31862 Timothy Inlet
North Benjaminbury, VI 10924","2022-11-09"
244,512,919,19,"722 Parker Parkways
Walterside, MP 79234","2020-04-12"
245,446,666,433,"0554 Barbara Walk Suite 207
Lopezshire, ME 86139","2020-12-05"
246,55,316,588,"2716 Kevin Rest
Sancheztown, AK 80751","2023-04-20"
247,959,913,232,"913 Shawn Forges
North Alicia, NY 82480","2023-07-02"
248,987,522,953,"4559 Christopher Lock
Lake Shelby, VA 65511","2020-11-29"
249,586,888,101,"PSC 0721, Box 9788
APO AA 31957","2022-03-24"
250,550,295,446,"0252 Smith Throughway
Hollandland, MO 07842","2022-10-17"
251,949,595,871,"30330 Gregory Land
Crawfordfurt, NH 14137","2022-08-16"
252,782,226,454,"1484 Farrell Well Suite 621
Bridgesview, AL 14576","2022-08-12"
253,844,729,143,"7745 Daniel Rue
South Andrew, VA 89223","2023-05-30"
254,79,787,363,"98068 Jesse Curve
Lake Jacobshire, WY 33272","2020-09-16"
255,615,246,570,"59827 Donna Walk Suite 211
Nancyhaven, NM 95130","2022-02-13"
256,812,199,489,"79334 Rachel Locks Suite 324
New Jose, GU 88521","2021-12-25"
257,292,368,847,"5054 Hoffman Route
Ellisonburgh, HI 10651","2021-08-25"
258,233,458,227,"989 Courtney Mews
West Jamesland, AR 66173","2023-04-06"
259,482,281,896,"70863 Alyssa Lakes
Kimberlyside, UT 47429","2022-04-01"
260,95,743,660,"69571 Matthew Bridge
Jordantown, KY 04211","2022-08-18"
261,135,702,740,"84263 Taylor Pass Suite 511
Dawntown, MN 89375","2022-07-17"
262,445,278,32,"76762 Weber Points
Dianeton, NY 20935","2020-07-21"
263,797,691,636,"994 Amanda Freeway
Danielhaven, FM 30838","2020-04-24"
264,752,433,29,"203 Kemp Drive Suite 852
North Craig, NJ 67268","2022-05-07"
265,371,933,350,"778 Jonathan Route Suite 294
Lorrainefort, WY 14981","2021-11-16"
266,938,416,741,"758 Gonzalez Glen Suite 341
North Kenneth, CO 16674","2023-01-12"
267,711,643,870,"16429 Rivera Haven
Taylorville, NJ 58069","2020-11-05"
268,283,966,621,"5541 Hurst Centers Suite 138
East Kimberlyside, DE 14650","2021-06-09"
269,967,109,329,"3438 Parker Union
Rodriguezville, DE 10812","2022-02-20"
270,144,528,522,"1416 Wilson Shoals Apt. 708
Port Dustinport, MT 53157","2023-06-17"
271,714,593,235,"820 Rebecca Bridge
Adamstad, HI 10888","2022-04-11"
272,662,266,133,"29820 Simmons Mills Suite 923
Donaldsonfurt, DC 13322","2021-06-22"
273,331,96,522,"748 Anne Fields
Stricklandview, WI 29339","2020-08-02"
274,866,247,134,"576 Ricardo Plains
New Ericaport, RI 28509","2022-03-25"
275,84,219,319,"331 Gregory Unions
South Ashlee, DE 21406","2022-07-13"
276,609,344,761,"099 Jordan Light
Lake Tanyaborough, MA 95553","2021-03-25"
277,475,307,140,"Unit 7286 Box 2873
DPO AE 20091","2022-08-13"
278,485,666,295,"93280 Green Union
Jordanstad, GU 11488","2020-04-15"
279,866,206,845,"0560 Anthony Squares Suite 493
South Johnhaven, HI 29511","2021-05-11"
280,678,568,277,"21263 Kenneth Cove Suite 709
New Jennifertown, GA 53858","2022-05-06"
281,483,492,356,"PSC 0921, Box 1721
APO AE 98063","2022-01-18"
282,300,168,597,"924 Daniel Cape
Laurashire, MP 73672","2020-12-17"
283,342,454,149,"85667 Ruiz Courts
Rebeccaton, PA 93922","2021-10-22"
284,281,377,11,"USNS Stein
FPO AP 37904","2020-08-16"
285,619,544,74,"Unit 3981 Box 9985
DPO AE 20085","2022-08-14"
286,795,822,15,"9017 Davis Center Suite 374
South Anthonychester, WY 10790","2022-03-05"
287,382,904,406,"4726 Ashley Vista
East Hannah, LA 41655","2020-06-30"
288,794,118,943,"67439 Lewis Center
Johnfurt, MH 11404","2020-03-02"
289,754,754,473,"8474 Cole Neck Suite 243
East Amandamouth, NM 53052","2021-09-10"
290,803,747,523,"8897 Mark Oval Apt. 651
Lake Kimberly, MD 18871","2021-09-15"
291,322,295,711,"220 Katherine Common Suite 775
South Janet, CO 86365","2020-10-03"
292,779,970,627,"58649 Joshua Vista
Grantbury, OH 11249","2023-03-24"
293,183,28,148,"024 Harris Common
New Kevin, VA 30725","2020-10-26"
294,411,584,410,"772 Patel Dale
Richardfurt, AK 18473","2021-06-25"
295,104,705,115,"77985 Robinson Flats
Joshuafort, NH 39278","2020-02-08"
296,424,949,175,"08470 Gail Locks Suite 190
Charlestown, CT 52783","2022-09-19"
297,193,871,424,"65597 Davis Extension
New Tammyfurt, ND 71131","2020-09-02"
298,850,420,905,"3022 Vincent Ways
Guzmanburgh, NY 46657","2020-04-16"
299,822,210,883,"452 Alicia Pass
Emilyfurt, KS 06684","2022-06-03"
300,781,879,277,"5039 Chung Grove
Lewisstad, CT 79220","2023-04-10"
301,255,923,590,"5163 Stephanie Motorway Suite 969
South Scott, AR 16029","2021-07-15"
302,556,462,648,"28779 Karen Villages
Wheelerbury, PR 59416","2020-01-03"
303,664,923,257,"4714 Amy Haven
Lake Brittany, PW 78858","2020-12-07"
304,196,339,606,"Unit 2568 Box 9756
DPO AE 62864","2020-08-23"
305,259,682,576,"514 Victoria Ford
Bryantmouth, VI 06046","2022-11-26"
306,73,47,659,"016 Jones Vista
Thomasmouth, VA 45672","2022-12-06"
307,169,33,125,"06187 Charlotte Crescent
East Joshua, NH 87969","2020-09-07"
308,494,483,506,"6134 Elizabeth Fork Apt. 023
Johnsonland, WV 59152","2022-01-23"
309,923,290,88,"89162 Tucker Turnpike Apt. 950
New Benjaminfurt, AL 34480","2021-09-07"
310,953,242,545,"306 Jennifer Springs Apt. 603
Rodriguezview, CO 19919","2021-07-11"
311,202,337,226,"459 Daniels Harbor
Port Bruce, TN 24802","2023-03-28"
312,52,367,826,"PSC 4136, Box 0424
APO AA 76061","2023-06-22"
313,792,316,670,"9757 Karen Harbors
Port Scott, CA 61847","2021-06-27"
314,789,1,504,"536 Tamara Oval Suite 487
Howardbury, AZ 27364","2021-09-19"
315,511,266,110,"356 Steven Course Apt. 238
Hardymouth, MA 05561","2023-02-13"
316,389,909,193,"8374 Campbell Views
East Melissa, FM 64754","2020-06-04"
317,459,481,789,"71389 Martin Spring Apt. 716
Paulport, NM 08232","2020-05-24"
318,544,222,584,"56227 Kimberly Land
Port Gabriella, NE 61294","2020-11-16"
319,141,394,406,"494 Mccoy Cove
Goldenside, ID 28281","2022-03-06"
320,123,896,655,"974 Kevin Dam
Heatherview, MN 71711","2021-05-31"
321,941,975,928,"91164 Joshua Glens
West Tyler, AR 55460","2020-04-14"
322,16,358,856,"50427 Alicia Meadows
North Danielfort, PA 54747","2020-12-21"
323,26,469,324,"195 Jessica Glens Suite 228
Tashaview, AK 39110","2022-10-23"
324,358,280,501,"8880 White Plains
Burnsfurt, AS 35490","2021-03-12"
325,760,72,363,"53253 Jordan Flat
New Victortown, AS 94089","2022-11-24"
326,573,848,550,"392 Griffin Manors Suite 186
Charlesfort, DC 14394","2020-04-01"
327,429,129,316,"64487 Mark Knoll Apt. 484
Jasonshire, HI 11835","2023-01-02"
328,8,638,178,"33237 Smith Mountains
Harrisonmouth, CO 15735","2022-03-15"
329,308,908,825,"227 Edwards Village Suite 556
Kevinfort, NM 60357","2021-01-20"
330,641,821,773,"94444 Moody Divide
Edwardport, DC 84048","2020-05-25"
331,313,607,891,"5849 Wallace Mountain
Houseshire, HI 75466","2020-01-17"
332,100,281,635,"5254 Galvan Key Apt. 652
South Jasonmouth, CA 36273","2022-07-01"
333,486,309,931,"86523 Martinez Keys
Palmerchester, VA 90775","2021-07-11"
334,59,427,646,"26922 Cynthia Radial
Floresmouth, MA 25359","2022-07-11"
335,921,63,430,"27665 Rogers Rest Suite 488
Christineborough, MN 06293","2021-04-05"
336,401,834,598,"9150 Chelsea Knolls
Davidchester, VI 44958","2022-05-07"
337,685,870,690,"83387 Pena Club Suite 197
South Donna, CA 62519","2021-12-11"
338,477,100,946,"6796 Michelle Ramp Suite 308
East Joshua, FL 55930","2020-07-11"
339,584,118,684,"71289 Michael Mountain
Garciaburgh, AR 25956","2022-11-14"
340,450,401,512,"3161 Ian Villages Apt. 870
Port Sandra, MA 70205","2020-12-03"
341,296,811,123,"0551 David Alley
East Kimview, NH 13939","2021-08-05"
342,461,947,303,"203 Benjamin Ways
Randybury, OR 71387","2022-02-17"
343,529,276,241,"1279 Cameron River Suite 265
Floreston, MS 26436","2020-01-07"
344,547,669,906,"03580 Jones Haven Suite 811
Donaldshire, SD 36373","2022-04-29"
345,350,451,518,"72022 Evans Lock
East Timothy, TX 65672","2023-05-21"
346,991,563,871,"8773 Gwendolyn Tunnel Apt. 364
Port Dylantown, KY 35951","2022-07-28"
347,926,239,718,"55175 Brock Ville
East Karen, NH 77651","2023-02-24"
348,780,910,401,"5710 Pace Road Suite 107
Jesseport, LA 54151","2022-01-09"
349,951,512,178,"55178 Cooper Squares Apt. 679
Ramosside, HI 66647","2020-01-12"
350,562,501,404,"992 Palmer Mission Apt. 078
East Prestonfort, WY 46968","2020-10-13"
351,34,353,991,"67351 Estes Roads Apt. 544
West Patrickstad, TN 04047","2020-02-08"
352,793,721,547,"655 Cole Flats
Lake Lisa, IA 24767","2022-04-01"
353,699,998,449,"720 Guerrero Ridge
Edwardsfort, OH 98030","2023-04-08"
354,273,472,700,"9654 Coffey Knoll
North Amyville, PA 55148","2020-05-03"
355,983,451,279,"4512 Jimenez Locks
East Ralphborough, AS 72897","2023-06-04"
356,642,228,659,"2123 Gary Cliffs
New Stevenstad, MD 28365","2020-03-02"
357,361,568,648,"04615 Curtis Gardens Apt. 003
Garzaville, DE 02598","2020-11-05"
358,740,440,185,"868 Lauren Neck
Port Eric, PW 31161","2020-02-15"
359,295,380,756,"8707 Copeland Trafficway
Port Michelle, PR 49700","2020-11-02"
360,128,998,875,"USNS Howard
FPO AA 72203","2022-10-17"
361,819,93,255,"1138 Brown Knoll
Houstonfort, VI 36749","2023-04-28"
362,30,600,313,"2797 Jason Glens Suite 700
Thompsonbury, WV 68038","2022-05-26"
363,234,56,467,"USCGC Edwards
FPO AP 35283","2020-03-01"
364,625,753,548,"503 Heather Crescent
Wheelerberg, FM 62438","2022-06-23"
365,966,836,393,"316 Clayton Lane
West Davidland, MP 90356","2020-09-16"
366,232,780,695,"3613 Jeffrey Valleys
Westmouth, CA 02129","2023-02-11"
367,839,911,213,"13436 Jones Locks
Maloneberg, AS 11072","2023-01-19"
368,833,199,615,"09866 Sean Parkway
Kimberlymouth, DC 64882","2021-03-10"
369,379,193,687,"7120 Graham Islands Suite 486
Gracechester, UT 85044","2020-02-27"
370,430,824,112,"03724 Ryan Walks
Garretthaven, KS 50921","2022-11-20"
371,246,779,909,"020 Carson Garden
West Robertview, ND 35654","2021-03-10"
372,158,116,28,"094 Ryan Pine Suite 924
East Debbie, VT 17180","2023-01-29"
373,412,501,370,"PSC 6615, Box 1444
APO AA 81491","2022-08-26"
374,95,961,481,"5990 Angela Parkway
East Michael, ME 43792","2022-06-26"
375,224,80,776,"USS Jones
FPO AA 28164","2023-01-28"
376,164,823,177,"05103 John Falls
Brittanystad, PW 72532","2020-01-05"
377,777,941,219,"0974 Luke Village Suite 906
Ariasland, UT 42027","2022-02-26"
378,978,21,246,"999 Diane Heights Suite 082
North David, ME 99025","2022-01-23"
379,776,796,834,"96269 Kenneth Radial
Port Brendan, AZ 10561","2023-06-15"
380,946,886,479,"660 Rice Lodge
New Michelleview, NM 97449","2022-11-09"
381,117,104,199,"2545 William Drive Apt. 157
New Debra, NV 62232","2021-07-31"
382,505,775,262,"5296 Jennifer Rapid Apt. 375
North Jennifershire, MD 91200","2022-02-20"
383,726,16,97,"PSC 4709, Box 9774
APO AA 29615","2020-11-26"
384,793,767,205,"7614 Adam Hollow Apt. 691
Davisshire, MS 23422","2021-10-16"
385,725,758,412,"8721 Shields Glen
Johnsonville, TN 31706","2023-01-12"
386,954,788,489,"59204 Andrew Lodge
East Paulbury, NE 45589","2021-08-14"
387,207,471,595,"8847 Natasha Vista
Hansonburgh, LA 07007","2022-10-08"
388,311,974,163,"96673 Tyler Falls
Bankschester, CO 05114","2020-06-27"
389,750,821,295,"337 Marshall Turnpike Suite 226
Garrettton, NM 68088","2021-04-19"
390,893,230,869,"62228 Sarah Burgs Suite 353
East Michael, WY 21883","2020-09-09"
391,461,654,754,"2942 Ryan Junction Apt. 895
New Christopherfurt, IN 98843","2022-10-29"
392,430,498,95,"72420 Owens Track
Lake Sarah, MT 62285","2023-04-24"
393,522,147,967,"5602 Shawn Garden Apt. 225
New Peterton, MN 13434","2020-04-04"
394,554,734,219,"4289 Kevin Crest Apt. 781
North Aprilchester, TN 06444","2020-05-09"
395,981,899,768,"58831 West Streets Apt. 342
East Kerryhaven, KS 31285","2020-05-29"
396,615,640,231,"3882 Farley Alley Apt. 931
Gardnerhaven, KY 06909","2021-11-06"
397,405,598,541,"805 Spencer Divide Apt. 858
Erictown, CO 94651","2022-10-16"
398,263,434,206,"32370 Jennifer Stravenue Apt. 316
East Suzanneport, PR 04092","2020-03-09"
399,414,220,249,"29224 Cooper Course
Myersstad, NC 37198","2022-11-16"
400,295,918,502,"3878 Samantha Crescent Apt. 644
Wayneton, LA 04376","2020-07-02"
401,248,284,732,"0989 Judith Spurs Suite 553
South Richard, CT 98238","2022-10-16"
402,280,328,588,"26976 Evelyn Harbor
West Paul, AL 05533","2020-01-24"
403,969,761,365,"Unit 5054 Box 2878
DPO AP 67815","2022-06-22"
404,334,725,153,"7067 Shelly Crest
East Michaelmouth, CA 70110","2022-01-07"
405,219,714,187,"59147 Patty Isle
Port Jennifer, FM 04165","2022-09-23"
406,731,1,949,"503 Mckay Plain
Port Justin, SC 50099","2023-05-02"
407,422,814,648,"5784 Salas Ridges Suite 330
Whitechester, CO 03033","2020-09-16"
408,733,436,508,"8468 Sarah Walk Suite 590
New Ericbury, TX 17028","2021-09-21"
409,54,423,763,"Unit 3964 Box 7723
DPO AE 25288","2021-07-04"
410,236,473,809,"12431 Steven Orchard
New Carlos, NV 55412","2021-03-25"
411,436,581,984,"10348 Rodney Parks
North Thomas, TX 69681","2022-08-15"
412,215,533,797,"60076 Julie Alley Suite 076
South Josephfurt, WI 17481","2020-10-20"
413,131,129,901,"296 Sharon Track Suite 461
Port Kimberlyborough, MN 07335","2020-05-28"
414,701,837,645,"3368 Tracie Parkway Apt. 185
Hollandshire, NH 75174","2023-03-07"
415,784,854,306,"96284 Taylor Estates
Lake Shawnland, DE 26592","2020-01-02"
416,638,74,269,"03881 Johnson Bypass Suite 662
Georgefurt, OR 18785","2022-06-17"
417,295,210,448,"8144 Barry Avenue
Sydneyview, WA 06112","2022-10-30"
418,205,928,686,"737 Megan Plaza Suite 184
Reneemouth, MS 87304","2020-12-10"
419,862,407,166,"61426 Blair Trail
Smithmouth, WA 28539","2020-02-18"
420,738,878,861,"01614 Reynolds View
Port Samanthastad, RI 72009","2023-01-28"
421,840,243,954,"17663 Fisher Hollow
Port Amberfort, ND 88025","2021-06-25"
422,488,930,112,"Unit 0830 Box 9454
DPO AA 80879","2023-02-14"
423,532,325,136,"56734 Amy Ridges
South Jerryport, WV 10662","2020-08-30"
424,720,799,972,"1370 Patricia Run
New Markville, UT 97363","2021-05-30"
425,908,737,264,"7333 Michael Pine Apt. 137
South Ann, WY 06148","2022-10-17"
426,265,182,229,"5239 Debra Ferry
New Lauraburgh, MO 17282","2021-03-04"
427,502,91,920,"61476 Harold Pass
Hurleyview, PA 49581","2022-10-22"
428,39,903,569,"0378 Sandy Tunnel
Lake Sharonfurt, GA 45561","2022-10-04"
429,885,148,181,"51844 Meza Flat Apt. 305
Port Scottview, GA 62790","2022-12-04"
430,449,427,496,"90780 Richard Wells
Dennistown, FM 40700","2020-09-24"
431,433,954,434,"026 Michael Grove Suite 507
Christianchester, ND 39754","2023-02-15"
432,734,175,998,"54353 Smith Shoals Suite 626
Alvaradoborough, NC 85019","2022-12-18"
433,489,606,366,"717 Davis Island Apt. 784
West Christinachester, PR 46820","2023-06-03"
434,506,577,793,"1140 Barnett Vista
North Robert, NJ 22947","2020-08-29"
435,723,856,33,"47958 Conrad Wells
East Sarahland, AS 18063","2022-04-28"
436,389,159,449,"8793 Joseph Avenue Apt. 584
Hansenshire, CT 76941","2023-06-18"
437,200,959,915,"912 Davis Causeway Apt. 925
North Matthewton, FL 21914","2020-06-17"
438,220,282,425,"0875 Larry Hills Apt. 231
South John, CO 52681","2020-08-23"
439,944,733,193,"Unit 4624 Box 6034
DPO AA 82238","2020-02-24"
440,2,153,904,"86375 Franklin Manor Apt. 441
New Stephen, CT 57232","2022-02-28"
441,473,73,156,"38719 Sean Alley
Kristinafurt, PW 39984","2021-07-07"
442,443,391,218,"78617 John Centers Apt. 270
East Jameshaven, CT 80579","2020-08-07"
443,396,380,863,"2305 Anna Ports
South Taylor, NJ 37013","2023-03-17"
444,898,245,582,"36701 Lisa Place
Port Tiffany, AR 20445","2021-04-10"
445,839,3,618,"38914 Luis Garden Suite 764
Nicoleland, ME 41213","2022-04-27"
446,63,343,1000,"89614 Sandra Trace
Justinhaven, TN 02039","2021-06-27"
447,410,40,581,"324 Crystal Island Suite 972
Tammybury, MH 71797","2021-03-19"
448,599,775,315,"83698 Lee Course Apt. 624
New Robert, OR 23192","2023-05-16"
449,793,851,583,"5818 Nathan Crest Apt. 697
North Aliciaton, OH 06152","2022-10-28"
450,769,157,783,"26545 Vasquez Tunnel
Sanchezburgh, ME 84846","2022-09-01"
451,600,133,789,"073 Singh Walk
Baileyhaven, NJ 03999","2021-10-29"
452,69,396,891,"27060 Patton Roads
Brownberg, ME 70767","2021-07-07"
453,802,126,912,"Unit 5192 Box 0280
DPO AE 14768","2020-10-24"
454,751,149,830,"8641 Scott Plains Suite 710
Port Robert, MO 02426","2023-05-05"
455,170,257,180,"642 Dustin Turnpike Suite 771
Colechester, ID 53590","2020-06-14"
456,335,621,206,"PSC 6360, Box 1516
APO AE 16127","2020-09-24"
457,359,783,775,"755 Miller Ranch Suite 207
Angelamouth, UT 97135","2022-03-12"
458,970,677,178,"48232 Griffith Streets Apt. 623
Garciaport, HI 32646","2021-11-19"
459,836,641,953,"53432 Smith Tunnel
Helenmouth, WI 27216","2020-10-22"
460,498,948,608,"42842 Stewart Knoll
Gibsonstad, WY 76031","2022-08-26"
461,28,272,245,"USNV Mason
FPO AA 33597","2021-11-21"
462,383,232,741,"264 Jesse Hollow
North Seth, ME 03852","2020-05-16"
463,113,947,961,"89024 Craig Freeway
Dunntown, WI 65022","2023-05-27"
464,254,436,438,"5479 Darryl Lodge Suite 593
Kellerland, SD 68359","2020-10-24"
465,450,635,474,"4300 Matthew Street Apt. 992
Chelseafurt, MP 96331","2021-05-21"
466,81,359,942,"730 Shelby Road
Millerborough, NM 27767","2020-03-28"
467,136,744,348,"3667 Benjamin Tunnel
Brownfurt, PR 29743","2022-11-22"
468,459,949,298,"88914 Adams Branch
Lake Christine, MD 73394","2023-01-07"
469,57,603,543,"060 Debbie Terrace Apt. 427
North Brandystad, CA 67307","2022-11-03"
470,284,611,61,"USNV Walker
FPO AE 55551","2022-04-18"
471,168,791,175,"0659 Willis Club Apt. 694
Smithtown, NC 62975","2021-08-13"
472,517,402,148,"6795 Nunez Camp Suite 686
Riceville, UT 05798","2021-12-25"
473,887,576,716,"90184 Walsh Course
Ramirezchester, RI 47564","2023-01-30"
474,905,738,474,"65147 Dawn Junctions Suite 394
Lake Diane, AK 38176","2020-07-19"
475,974,397,704,"04988 Lori Station
Matthewmouth, IA 54169","2020-10-01"
476,642,518,818,"57269 John Points Apt. 103
East Johnstad, SC 97960","2020-10-14"
477,504,152,720,"3457 Christopher Causeway
Gonzalesberg, NC 88657","2021-08-16"
478,715,379,493,"76765 Russell Roads Suite 961
Mitchellfurt, ME 37889","2023-07-03"
479,740,732,157,"61967 Greg Station
Deanchester, MO 70706","2020-09-27"
480,926,556,168,"17055 Lynch Estate
Port Lisahaven, VI 79485","2020-03-12"
481,925,722,565,"96818 Joseph Well
Port Matthew, MD 78147","2022-08-07"
482,49,993,331,"USS Humphrey
FPO AA 70240","2020-10-21"
483,957,883,969,"7596 Hunter Rue Apt. 797
Rebeccashire, DC 28734","2021-05-08"
484,595,44,132,"7123 Mendoza Mall
Port Robert, MA 63065","2021-01-30"
485,221,959,233,"3130 Anthony Locks Apt. 910
New Staceyshire, MT 07879","2023-02-09"
486,217,452,857,"2683 Michael Falls
South Kathleen, IA 93997","2022-02-10"
487,970,795,105,"USNS Reid
FPO AP 07640","2023-05-05"
488,572,220,896,"655 Matthew Trail Apt. 667
Ericbury, MD 43302","2022-06-10"
489,362,183,245,"PSC 3759, Box 9899
APO AE 92938","2022-06-19"
490,275,858,30,"4745 Gilbert Mountain
Williamsport, HI 28001","2022-07-06"
491,622,307,204,"81362 Howard Land
Lambertshire, DC 79310","2021-02-22"
492,708,423,749,"606 Andrew Ville Suite 870
Martinezstad, VA 44996","2022-11-17"
493,356,63,946,"268 Harris Brooks Suite 891
Tammystad, SC 54211","2023-06-27"
494,631,253,10,"1815 Brooks Pike
Pricemouth, MD 96885","2021-11-22"
495,315,144,755,"95001 Steven Roads Apt. 878
Joshuaport, MH 56214","2021-05-31"
496,504,351,479,"5860 Schneider Field Apt. 467
Lewismouth, AR 77530","2023-05-27"
497,961,680,479,"26771 Juarez Flats
Larsonhaven, TX 60858","2021-08-05"
498,470,125,999,"092 Rebecca Rest
Bernardland, NJ 85277","2021-08-05"
499,957,792,132,"0290 Deborah Flats Suite 051
Anthonybury, AR 85346","2020-08-04"
500,523,484,959,"Unit 7794 Box 7333
DPO AE 99317","2023-04-08"
501,918,346,948,"469 Brian Stravenue Apt. 989
Port Pamelastad, FM 94938","2022-11-08"
502,210,191,730,"993 Rasmussen Fall
Kimberlyberg, WV 26311","2023-03-22"
503,37,887,293,"529 Ramos Corner
Mortonhaven, FM 07707","2023-04-02"
504,808,320,433,"763 Miller Tunnel
East Gregory, DC 43923","2022-04-30"
505,328,705,598,"032 Pena Expressway Suite 820
West Leslieburgh, NM 49804","2021-08-13"
506,284,232,105,"762 Melissa Trail
West Matthew, MS 88868","2021-06-04"
507,416,21,243,"636 Olson Wall
East Carla, NE 24630","2022-03-07"
508,579,741,744,"742 Angela Port
North Kenneth, WA 31464","2022-03-27"
509,228,198,325,"863 Hailey Port Apt. 969
East Linda, NJ 94675","2021-06-03"
510,332,635,511,"6113 Savage Shoals
Wilsonton, WA 82447","2023-02-18"
511,443,47,233,"Unit 2274 Box 9108
DPO AE 52967","2020-07-15"
512,529,192,627,"64476 Martinez Course Suite 168
Markton, UT 61094","2020-12-17"
513,107,556,847,"25982 Douglas Club
Lake Michaelville, UT 46478","2020-02-16"
514,454,794,505,"1661 Christopher Roads Apt. 617
Allisonmouth, AK 93883","2022-03-02"
515,697,265,859,"68747 Roberts Square
North Melissatown, DE 14835","2022-03-09"
516,751,229,452,"98663 Jennifer Port Apt. 069
Huntview, PW 71464","2022-05-29"
517,525,948,216,"1682 Andrew Ways
Port Scottborough, CA 65506","2022-03-21"
518,630,747,231,"939 Long Causeway Suite 112
Port Thomashaven, NJ 90703","2021-05-31"
519,219,871,841,"991 Anita Unions
Ericfurt, OR 17942","2022-03-27"
520,553,536,763,"9885 Rose Cliffs
East Jefferytown, CO 01257","2021-11-15"
521,604,58,499,"788 Campbell Gateway Apt. 220
Charlesburgh, AK 22052","2021-07-09"
522,861,702,742,"8581 Taylor Vista
East Shane, PA 66795","2023-06-05"
523,954,804,356,"1804 Brady Parks
Port Ashleyfurt, GA 29658","2021-11-05"
524,909,561,938,"441 Ward Pines Apt. 022
East Angela, DC 57239","2021-06-23"
525,595,111,730,"Unit 2579 Box 0512
DPO AE 81755","2020-06-14"
526,308,211,781,"100 West Inlet
Ericborough, VA 74173","2020-03-06"
527,456,679,220,"076 Jeffrey Mall Apt. 672
East Edward, WY 78020","2023-04-24"
528,163,69,625,"06863 Blankenship Mall Suite 551
South Jennifer, VA 13595","2021-08-31"
529,406,89,730,"23985 Taylor Way Apt. 365
Riverafurt, ME 37044","2020-07-09"
530,766,288,518,"677 Ashley Flats
Johnborough, PR 93275","2023-02-18"
531,338,366,659,"973 Michele Lodge
South Bradley, MS 39660","2020-07-28"
532,197,50,44,"USS Brown
FPO AP 96927","2021-09-24"
533,318,781,501,"609 Judith Shore Apt. 778
Lynchside, WV 19880","2020-10-11"
534,634,476,219,"192 Rhonda Key
Port Rickyview, FM 05470","2022-05-07"
535,366,715,451,"9873 Jeremy Rapids Apt. 753
Johnsonstad, MI 99120","2021-04-08"
536,513,757,964,"299 Huynh Alley
South Paulbury, MN 87964","2022-06-13"
537,308,930,302,"447 Cheryl Port
North Jamesbury, NY 90982","2022-10-05"
538,134,648,517,"0507 Jasmine Common
North Terri, DE 65065","2023-04-10"
539,545,322,482,"2340 Brianna Hill
Sellersview, LA 33627","2020-01-20"
540,54,300,626,"7745 Lee Lodge Apt. 182
East Amanda, CT 68001","2023-03-31"
541,888,272,678,"540 Saunders Stravenue
Earltown, KS 85719","2023-06-23"
542,495,891,669,"48078 Andrews Lights Suite 535
Smithton, MI 11733","2021-08-23"
543,266,812,442,"6578 Marie Burg Suite 500
Lake Natasha, IL 40222","2021-12-22"
544,224,257,306,"0375 Patterson Ridge Apt. 666
Hannahtown, ME 80316","2022-02-06"
545,913,31,493,"66166 Jeffery Canyon Suite 314
Angelaport, MP 83165","2020-10-31"
546,498,730,471,"6885 Jennifer Roads Suite 592
North Megan, MT 50042","2022-08-14"
547,625,451,397,"Unit 2680 Box 4037
DPO AP 61858","2022-11-05"
548,809,179,654,"600 Beard Knoll
West Martinfurt, WI 59628","2020-10-31"
549,484,35,562,"87227 Dennis Fort Apt. 652
Dylanmouth, AK 61139","2020-06-06"
550,971,818,655,"717 Charles Loaf
West Sarahchester, MI 50194","2020-05-01"
551,581,974,384,"6402 Robbins Locks
Philipchester, NV 56525","2022-08-03"
552,484,450,692,"886 Benjamin Parkway
Port David, AS 70453","2022-01-26"
553,844,616,667,"78568 William Junctions Suite 379
Jamesville, PA 52026","2020-10-08"
554,902,842,163,"00822 Duncan Pike Suite 107
Floydton, WY 11809","2020-06-22"
555,337,902,896,"36800 Davis Port Apt. 983
Prestonton, HI 16341","2021-12-01"
556,325,908,264,"089 Katherine Ports Suite 365
South Pamela, NH 93743","2022-09-20"
557,270,709,52,"222 Krause Track
Burnsville, CT 49587","2022-12-07"
558,511,682,782,"2632 Matthew Port
Lauriestad, AK 14100","2020-05-22"
559,81,539,780,"907 Fletcher Canyon
North Stanley, KY 80774","2021-02-14"
560,160,711,245,"75637 Pierce Station Apt. 259
North Douglaschester, MI 94157","2022-09-03"
561,285,723,183,"2017 Robert Corner Suite 803
Jonesview, KY 51078","2023-06-07"
562,443,569,416,"Unit 5697 Box 9540
DPO AA 06276","2021-05-01"
563,901,867,653,"752 Smith Shoal Suite 421
Port Ryan, WY 02757","2020-08-31"
564,852,736,406,"3517 Nicholas Underpass
North David, WY 02767","2020-07-03"
565,353,362,10,"16602 Fernando Ports Suite 543
Rhondashire, VA 84017","2020-03-30"
566,809,730,714,"61211 Higgins Roads
Fisherhaven, AZ 52286","2021-07-20"
567,868,110,901,"0835 John Mission
Rosstown, ME 27003","2021-05-31"
568,547,300,1,"421 Pacheco Gateway Apt. 853
Christophermouth, MP 27814","2020-12-28"
569,770,497,475,"544 Hernandez Manors
South Tony, MA 88544","2021-11-18"
570,151,786,818,"060 Smith Keys Suite 596
Annaport, ID 40155","2022-05-08"
571,630,726,736,"42662 Misty Summit
North Kimberlyburgh, MT 14582","2020-03-13"
572,14,600,291,"07317 Manuel Forks Apt. 530
West Biancaside, IN 46971","2023-03-12"
573,204,781,626,"81967 Moore Common
South Andrewtown, NM 98930","2023-03-24"
574,58,488,871,"83316 Monica Highway Apt. 478
Nguyentown, NC 79324","2021-09-29"
575,545,110,681,"12291 Daniel Hills Apt. 474
Evansport, TN 44083","2021-10-01"
576,728,944,212,"Unit 7423 Box 7527
DPO AP 06382","2020-06-24"
577,175,49,621,"520 Wayne Common
West Sarahville, NV 01329","2020-01-02"
578,770,586,432,"7465 Wolf Cliff Apt. 890
Brownview, AS 90605","2022-08-09"
579,155,289,933,"204 Doris View Suite 483
Rodneybury, ND 60900","2023-04-22"
580,194,225,34,"0946 Melissa Fields
North Christinahaven, MH 14348","2022-03-29"
581,161,65,451,"8251 Melton Ports
Larsenberg, TX 08412","2021-06-16"
582,498,541,368,"12768 Nicole Dale Suite 689
Floresburgh, AR 29617","2020-09-10"
583,921,509,80,"7602 Foster Key
Karenborough, PW 00843","2021-09-10"
584,232,529,405,"83552 Ryan Skyway Apt. 469
East Michael, AL 91313","2020-04-22"
585,225,49,712,"20180 Mayer Coves
West Joseview, CA 48859","2022-10-20"
586,38,183,926,"9543 Miller Mews Apt. 870
Bobbyshire, MT 67044","2020-04-13"
587,837,902,204,"PSC 5127, Box 7118
APO AA 68261","2023-05-30"
588,11,861,114,"9683 Christopher Square
Millerstad, CA 96721","2022-02-13"
589,98,552,61,"407 Mike Row Apt. 783
East Suzanne, OK 05308","2023-06-13"
590,419,724,750,"52489 Anita Ville
Port Marcus, WV 86147","2021-12-14"
591,179,172,221,"PSC 4881, Box 4530
APO AE 77266","2020-07-13"
592,901,679,622,"9117 Sherry Drive Suite 390
Mendezmouth, MS 78697","2023-05-22"
593,114,488,89,"11590 Foster Plaza
North Emily, ND 07178","2020-05-04"
594,894,354,936,"Unit 0869 Box 3761
DPO AA 89966","2021-12-06"
595,665,379,471,"866 Bass Mills
Kempbury, AR 25700","2021-07-03"
596,371,124,26,"612 James Causeway Suite 637
Lake Phillip, MA 69991","2020-04-24"
597,581,630,381,"481 Robinson Road
Lake Jessicaside, OR 21644","2020-02-21"
598,733,918,475,"5112 Michelle Wells
Ortizland, CA 90619","2022-03-05"
599,577,268,499,"970 Frederick Forge Suite 302
Rodneymouth, IL 48221","2021-08-13"
600,742,245,692,"14656 Powell Valleys Suite 024
Brianstad, AZ 39381","2021-01-21"
601,900,817,348,"5804 Willis Mall
Victoriamouth, CA 13780","2021-02-16"
602,507,164,355,"3176 Courtney Skyway
Carterfort, PW 59899","2023-01-26"
603,163,101,408,"18641 Mark Islands
South Cheryl, WY 05782","2021-11-16"
604,348,172,163,"27678 Monroe Crossroad Apt. 170
Dianaton, VA 01901","2023-01-19"
605,785,71,837,"00946 Alexander Mission Apt. 637
Caseland, NY 76878","2022-02-28"
606,588,105,409,"PSC 1695, Box 6249
APO AA 79151","2020-09-03"
607,654,500,444,"53753 Sanchez Locks Apt. 193
Martinezton, NM 46040","2020-04-22"
608,638,456,743,"2338 Robinson Lodge
North Ianbury, NY 13223","2020-02-14"
609,127,33,368,"98982 Ethan Islands Suite 886
Kimberlychester, AK 02826","2020-05-20"
610,228,754,57,"12250 Macdonald Hills Suite 759
Pattersonton, OK 44833","2022-02-21"
611,778,68,649,"3487 Delacruz Pines Apt. 842
South Kristinborough, NM 90160","2021-03-23"
612,257,863,946,"890 Fields Field Suite 254
Johnsontown, IA 79130","2021-03-31"
613,302,441,107,"0241 Frank Roads
South Daniel, AS 84574","2021-05-16"
614,742,671,986,"702 Christopher Junctions Suite 573
Pittshaven, AL 83057","2022-10-02"
615,132,710,522,"895 Debbie Isle
Michaelport, LA 84133","2021-04-02"
616,23,227,720,"665 Ortega Freeway
Hammondchester, HI 85645","2022-09-02"
617,842,396,76,"4815 Keith Cliff
Lake Michaelport, NY 29703","2021-03-31"
618,451,899,390,"61487 Murphy Way
Craigstad, NC 82931","2021-12-01"
619,171,200,435,"961 Black Crossing
North Earlborough, DC 60309","2022-05-11"
620,197,532,666,"7491 Alyssa Knoll Suite 794
South Ericabury, GU 93709","2022-02-02"
621,205,805,392,"7818 Jeffrey Street Apt. 853
New Amber, TX 78654","2020-12-05"
622,573,752,760,"43743 Virginia Curve Suite 430
North Tammyton, NE 09492","2020-07-06"
623,44,757,860,"832 Kelly Crossing Suite 948
Stokesfurt, DC 00829","2022-05-09"
624,773,25,441,"PSC 4690, Box 5977
APO AP 53104","2021-02-22"
625,190,962,244,"491 Mcmillan Mountain Apt. 768
Kellyland, MO 22184","2020-07-25"
626,389,746,888,"8499 Leslie Mall Apt. 263
Gregoryside, CO 97359","2021-07-16"
627,696,166,997,"655 Castillo Radial Suite 776
Justinburgh, NJ 81307","2020-03-03"
628,480,499,648,"8247 Mitchell Union
Oliverberg, KY 69170","2023-06-12"
629,258,697,6,"7259 Rush Square
North Kellyfort, MA 47328","2021-03-04"
630,243,628,818,"05170 Jennifer Oval
Richardfurt, IN 38016","2022-03-16"
631,781,222,964,"372 Lindsay Land
North Annastad, AR 16958","2022-12-15"
632,236,265,900,"USCGC Caldwell
FPO AE 13021","2022-02-08"
633,293,24,509,"49506 Sheri Mall Apt. 950
Wileymouth, MH 23072","2020-03-21"
634,557,304,309,"3216 Diana Islands Apt. 896
Williamsborough, NJ 18222","2021-02-26"
635,386,63,436,"Unit 3615 Box 1262
DPO AA 59317","2022-12-30"
636,927,687,579,"60391 Paul Union Suite 216
Westmouth, MO 07854","2020-12-06"
637,39,203,298,"37070 Jay Wall
South John, KS 51782","2020-06-05"
638,329,344,167,"563 Lindsey Island Suite 817
East Sandraborough, AL 89050","2020-06-10"
639,89,602,225,"2614 Khan Isle Suite 627
Bushview, AZ 98960","2020-10-11"
640,208,748,131,"085 Matthew Port
South Michelle, MP 54679","2020-08-27"
641,691,22,519,"7170 Daniel Locks Apt. 363
West Jacobville, FL 48114","2022-03-09"
642,675,301,443,"7735 Mckee Course Apt. 682
Johnland, RI 29631","2023-04-17"
643,780,853,844,"2542 Alyssa Lights Suite 486
Michaelmouth, MD 02450","2021-04-22"
644,963,652,296,"4961 Benjamin Harbors
North Seanfort, RI 90354","2021-03-05"
645,477,667,813,"7426 Scott Grove Suite 040
North Johnfurt, VI 95959","2021-06-16"
646,131,455,735,"14595 Anderson Isle Suite 178
Hebertville, KS 46098","2020-02-06"
647,728,928,68,"24705 Katherine Brooks Apt. 647
Smithstad, CA 59066","2021-10-02"
648,591,244,621,"USS Middleton
FPO AE 62277","2020-11-23"
649,999,343,695,"189 Clark Ridge Suite 930
Veronicamouth, MA 38303","2020-02-18"
650,42,195,228,"360 Cynthia Common
Gabrielton, NC 46293","2021-03-16"
651,138,984,941,"Unit 9503 Box 5447
DPO AE 92585","2020-12-19"
652,476,653,268,"6909 Brady Expressway
Laurenfurt, WA 90875","2020-04-03"
653,290,287,668,"81135 Rodriguez Mill Apt. 597
Holmestown, OH 16264","2020-08-24"
654,860,689,622,"9051 Branch Shores
Meyersberg, DC 69290","2022-07-15"
655,728,653,635,"9084 Andrew Freeway
West Whitneystad, CA 37488","2020-09-04"
656,229,472,791,"980 Hoover Path Suite 837
Carterside, AK 46666","2023-02-23"
657,374,285,605,"752 Marks Crescent Suite 427
Brandytown, WV 84311","2021-10-30"
658,139,826,809,"7849 Johnson Flats Suite 296
Ortegaton, SD 15326","2021-10-06"
659,656,659,505,"28767 Kenneth Shore
Morenostad, WI 37073","2023-01-01"
660,600,486,261,"5655 Thomas Flats Suite 851
Lake Christophermouth, NV 50846","2020-05-21"
661,122,483,620,"582 Dickerson Port Suite 104
Lake William, MN 17133","2021-02-05"
662,980,941,273,"3488 Jackson Plaza
South Williamland, IN 94335","2022-10-07"
663,870,663,533,"0814 Jeffrey Haven Apt. 219
Port Rodneystad, PR 56433","2022-01-02"
664,901,827,317,"33956 Laura Ports
Stephenston, ME 44685","2022-04-05"
665,342,927,788,"321 Molina Meadow
Gabrielborough, WI 29987","2022-06-08"
666,407,636,38,"872 Julie Dale
East Wayneland, NE 32526","2020-11-23"
667,906,262,143,"7698 Bailey Route
South Kevin, WV 94720","2021-04-16"
668,341,445,97,"963 Williams Garden
Richardview, VI 22454","2021-05-16"
669,132,805,443,"563 Megan Well Apt. 162
New Patricktown, NM 14481","2020-04-04"
670,576,749,882,"0395 Henry Fort Suite 919
West Justinfort, OK 09588","2023-01-14"
671,943,271,294,"PSC 8731, Box 6436
APO AP 79715","2021-10-21"
672,175,63,957,"826 Karen Inlet
Christinefort, AS 09004","2023-05-26"
673,671,500,16,"8602 Melissa Hills Apt. 716
South Kellyville, NC 56367","2021-05-08"
674,418,743,924,"3370 Michael Island
South Amyburgh, NE 76061","2023-02-10"
675,50,545,242,"896 Edward Bridge Apt. 226
North Stephaniefurt, IA 53989","2020-08-15"
676,911,304,545,"Unit 8746 Box 2564
DPO AA 21286","2020-12-17"
677,686,736,109,"6126 Calderon Station Suite 130
Loganborough, OR 68496","2022-03-17"
678,379,256,582,"8713 Joann Avenue Suite 118
Lake Chelsey, WI 16116","2022-10-02"
679,33,719,798,"220 Timothy Dam Suite 400
Lake Mikayla, HI 01182","2021-02-16"
680,71,737,788,"03029 Jeffrey Loaf
West Paul, VI 04814","2021-12-23"
681,249,532,370,"2654 Maurice Estates Suite 612
Paulport, MP 46467","2020-11-22"
682,585,88,180,"16169 Martin Trail
New Henry, WA 86157","2022-11-21"
683,215,767,617,"5572 Joseph Route Suite 669
Theresachester, NJ 97002","2021-09-16"
684,675,491,747,"3985 Cook Grove Suite 104
Rogersport, MN 43727","2021-04-18"
685,554,72,697,"339 Sanchez Junction Suite 778
West Harryfort, VI 72452","2021-07-06"
686,802,517,825,"43223 Molly Street
Lauramouth, TN 45863","2022-09-30"
687,286,728,455,"122 Daniel Heights
Caldwellstad, CT 09801","2022-02-11"
688,182,234,208,"96644 Cole Viaduct
New Micheleport, VA 29785","2020-10-07"
689,433,484,217,"712 Melissa Walk Apt. 205
North Luis, NH 89777","2022-05-30"
690,718,173,112,"15207 Dominique Roads Suite 800
South Danieltown, WI 87434","2021-05-16"
691,502,914,763,"1113 Young Prairie Apt. 289
Bendermouth, SD 59648","2022-04-06"
692,442,586,939,"45145 Oneill Glens
New Angela, AS 93274","2020-06-17"
693,188,134,475,"55395 Johnson Forest Apt. 502
North Cody, LA 41875","2020-07-06"
694,202,810,566,"6524 Lauren Loaf
West Charles, MT 42586","2021-06-06"
695,262,684,299,"4373 Emily Key Apt. 749
New Andreachester, OR 38031","2022-09-29"
696,497,617,74,"567 Zhang Glen Suite 915
Wernerhaven, WI 85579","2020-10-22"
697,994,672,612,"5716 Michele Trail
East David, ND 32951","2021-05-04"
698,875,490,818,"390 Gonzalez Mills Apt. 571
Teresaborough, VT 88783","2020-03-07"
699,273,516,42,"Unit 9146 Box 1148
DPO AP 23102","2021-02-20"
700,31,302,96,"437 Phillips Meadows
East Tony, OH 00627","2020-03-02"
701,343,283,837,"USCGC Thornton
FPO AP 54534","2021-04-04"
702,171,647,826,"06947 Karl Corner
New Lesliechester, CT 54645","2020-06-06"
703,211,109,647,"891 Nunez Villages Suite 444
South Maria, AS 56719","2021-07-06"
704,267,556,32,"67023 Melvin Estates Suite 484
Port Natalie, NV 29508","2020-11-14"
705,249,458,63,"6815 Lucero Square
Clarkmouth, AK 51835","2021-02-02"
706,330,948,568,"USNV Sims
FPO AE 46318","2023-01-17"
707,581,408,945,"94634 Sheila Turnpike Apt. 028
Michaelbury, MH 76483","2021-11-25"
708,974,69,538,"4420 Brian Spring
New Nicholasstad, MD 73882","2020-08-03"
709,112,719,87,"261 Jodi Brook
Jamesport, VI 43035","2022-04-11"
710,558,286,892,"PSC 9441, Box 4246
APO AE 26101","2022-05-11"
711,533,122,643,"6598 Brooks Summit
Timothyport, WA 64984","2020-05-25"
712,954,139,693,"Unit 2359 Box 2489
DPO AE 27775","2020-12-19"
713,593,542,846,"6060 Schultz Forge
South Joseph, PW 03534","2020-11-24"
714,60,866,477,"2940 Rocha Roads Suite 421
Cortezstad, VT 17669","2020-01-07"
715,571,801,213,"6567 Juan Orchard
West Kathleenville, NY 30001","2022-02-02"
716,501,631,167,"1846 Wilson Station Apt. 759
Diazmouth, LA 53669","2023-04-30"
717,481,815,17,"90088 Dawn Mills Suite 672
Taylorburgh, AZ 54786","2020-01-21"
718,787,568,654,"USNV Smith
FPO AP 45482","2022-06-19"
719,935,879,981,"4407 Brown Union
Harrisland, MS 16517","2022-08-13"
720,742,692,739,"98830 Clarke Viaduct Suite 167
Port Markberg, HI 32090","2020-12-12"
721,661,341,825,"019 Pamela Motorway Apt. 141
Lake Samantha, MT 12237","2022-07-11"
722,907,146,272,"418 Hall Well Apt. 396
Lawrenceburgh, IA 73939","2022-09-25"
723,337,641,961,"7110 Vanessa Extension Apt. 013
New Brandon, SD 49419","2020-03-11"
724,532,514,323,"3723 Hill Forest
North Christopher, TX 46612","2020-12-23"
725,18,359,753,"49110 Emily Village Suite 916
Teresashire, VI 31012","2022-06-10"
726,625,112,395,"468 Jonathan Wall Suite 963
South Johnfurt, NM 41517","2022-09-20"
727,976,273,512,"20574 Thomas Mews Suite 868
Elizabethtown, SD 38389","2020-12-20"
728,714,434,544,"438 Rangel Plains Apt. 588
Robbinston, AL 98747","2020-08-29"
729,135,1000,512,"PSC 1684, Box 1827
APO AP 92338","2022-07-07"
730,628,197,474,"4736 Tiffany Branch
West Joshua, PA 66789","2023-06-01"
731,617,9,633,"734 Ryan Fall
East Samantha, WV 59963","2023-03-16"
732,770,793,154,"48032 Matthew Forge Apt. 681
East Robert, RI 30067","2020-01-08"
733,600,890,908,"6601 Joy Walk
Patrickhaven, TX 67578","2022-12-05"
734,745,910,344,"047 Velasquez Lake Apt. 848
Fuenteschester, ND 33948","2022-07-24"
735,65,211,251,"265 Hooper Prairie
Port David, NC 96143","2022-03-13"
736,721,426,663,"2016 Ward Parks
Jonesshire, ND 09770","2021-06-03"
737,848,395,791,"81806 Steven Views
Nguyenton, NV 97411","2020-11-29"
738,827,664,57,"46589 Cassandra Turnpike Apt. 130
Tracychester, IA 37653","2020-07-05"
739,602,555,106,"935 Harper Green
South Mariaburgh, MI 59881","2023-01-13"
740,569,487,134,"83178 Leah Inlet
Lynnhaven, MA 38921","2021-06-23"
741,945,136,102,"515 Kimberly Rapids
Tarahaven, NE 14096","2021-11-20"
742,520,82,879,"1425 Cooper Stream
South Trevorside, NV 93107","2020-03-09"
743,471,862,228,"8118 Lee Island Apt. 863
Johnsonton, FL 46756","2021-10-16"
744,183,89,165,"95271 Angela Bypass Suite 627
Hensonberg, IN 64807","2020-05-30"
745,378,664,703,"11315 Stacy Prairie Suite 178
Lynnmouth, ME 49770","2023-04-26"
746,864,387,37,"05202 Ashley Lane Apt. 030
New Stacyborough, MD 01735","2021-04-23"
747,70,476,372,"7693 Suarez Hollow Apt. 130
West Madison, VT 20889","2023-04-23"
748,247,385,908,"7467 Gregory Station
Rogerborough, UT 46011","2020-07-19"
749,674,763,920,"35491 Chapman Village
Bishopmouth, AR 22202","2021-07-31"
750,403,234,428,"4215 Donald Row Suite 414
Lake Kyleborough, NJ 10645","2022-07-28"
751,592,560,943,"83319 Rhodes Rest Apt. 278
Tarashire, IA 85369","2020-08-05"
752,259,283,380,"54204 Webster Brook
North Jonathan, OR 49842","2021-08-03"
753,836,277,160,"666 Brown Shoals
Lunashire, FM 72103","2020-04-03"
754,860,354,489,"6948 Jennifer River
West Garrett, OH 50632","2021-07-25"
755,859,703,929,"47924 Kirk Points Suite 156
Grahamshire, MN 21428","2020-04-28"
756,168,783,678,"USCGC Watson
FPO AP 96351","2021-04-16"
757,280,606,547,"3663 Morris Locks
Julianbury, PW 43721","2023-03-13"
758,558,209,72,"385 Bethany Roads Suite 421
North Kristin, NH 65481","2021-05-23"
759,421,303,585,"8087 Brent Forge
New Rickyport, WI 17992","2021-05-17"
760,154,514,745,"41020 Rodriguez Mills Suite 499
East Justinside, MO 02900","2021-07-17"
761,822,569,343,"05151 Mary Streets Apt. 516
West Georgemouth, TX 26677","2020-06-23"
762,488,850,230,"744 Martinez Mountains
Seanhaven, NC 10830","2020-02-29"
763,474,341,543,"4903 Smith Extensions
East Daniel, AS 93031","2020-01-18"
764,204,972,849,"USNV Johnson
FPO AP 16751","2022-06-04"
765,173,610,63,"079 Joseph Plains Suite 769
Collinsborough, MS 97141","2022-12-08"
766,400,298,646,"9499 Davis Lakes Apt. 410
East Michelle, CT 80890","2021-12-21"
767,113,356,233,"925 Conner Green Suite 967
New Larry, AK 84415","2023-06-24"
768,221,105,63,"2244 David Union Apt. 833
Franklinstad, UT 16790","2020-12-02"
769,57,55,784,"33490 Jones Mountains Apt. 464
Wrighttown, WV 54925","2020-09-12"
770,702,396,308,"021 Robinson Track
West Ginastad, MI 21497","2022-08-18"
771,367,986,571,"588 Maria Stravenue Apt. 986
Jerryton, VI 76738","2020-10-20"
772,549,272,477,"PSC 6959, Box 6508
APO AA 94887","2021-05-23"
773,97,693,830,"4427 Hughes Expressway
Danielsview, WV 67223","2020-07-06"
774,642,218,568,"613 Karen Orchard Apt. 241
South Harold, WA 33191","2022-12-22"
775,136,552,625,"703 Crane Expressway
Colemanchester, WY 41390","2020-02-28"
776,148,556,101,"Unit 0386 Box 5444
DPO AP 90434","2020-10-08"
777,318,577,952,"73894 Shelton Estates Apt. 971
Galvanton, NE 42956","2022-01-21"
778,620,79,868,"138 Sarah Mission
Carrillofurt, WA 11281","2023-05-18"
779,877,765,976,"91552 Friedman Plains Apt. 375
Scottfort, IA 64077","2020-01-19"
780,738,963,686,"79577 Tyler Knolls Suite 822
Lestad, WV 52118","2023-02-02"
781,491,672,158,"4458 Michael Viaduct
New Sarah, OR 45113","2022-12-25"
782,501,368,793,"9173 Audrey Shoal
Brittanystad, IA 35565","2021-12-06"
783,354,248,106,"69145 Joseph Hollow Suite 532
Matthewport, UT 29523","2020-10-20"
784,511,650,246,"797 Odom Burg
Lake Christopherport, WY 11518","2020-07-01"
785,819,298,942,"19537 Nicholas Grove Suite 583
East Ginastad, MT 45817","2023-05-16"
786,88,208,813,"56415 Jose Highway Suite 503
Port Laurenbury, NE 26035","2021-10-05"
787,694,828,576,"09797 Kevin Greens Apt. 646
North Joshua, OK 20245","2022-05-30"
788,309,980,453,"808 Kelsey Roads
Glassfort, IN 73277","2022-03-22"
789,196,342,221,"Unit 3562 Box 4760
DPO AP 72596","2021-02-20"
790,909,65,313,"8320 Taylor Point Suite 147
Jonesside, MO 84945","2020-03-22"
791,375,400,530,"21204 Gary Fields Apt. 624
North Joel, MO 91398","2020-08-04"
792,273,868,25,"19554 Nguyen Station Suite 957
North Margaret, OH 96844","2022-07-22"
793,230,322,608,"05432 Moreno Port
Port Thomas, MP 18765","2021-06-30"
794,761,717,455,"994 Hill Mountains
Port Trevormouth, UT 01738","2022-03-18"
795,519,377,822,"PSC 0179, Box 3791
APO AA 30078","2021-07-13"
796,136,895,236,"52675 Gwendolyn Manors
West Carlos, LA 49237","2021-01-11"
797,384,570,926,"41340 Troy Forks Apt. 949
Wilsonbury, MP 64254","2022-10-27"
798,402,954,118,"PSC 6460, Box 3265
APO AE 25719","2021-10-22"
799,477,833,41,"45397 Bond Freeway
Claytonland, CA 43912","2020-12-02"
800,27,731,334,"397 Fox Springs
West Christopherland, ID 26909","2023-01-08"
801,488,569,188,"50406 Katrina Flats Apt. 846
West Craig, MD 54720","2020-01-18"
802,712,778,545,"43574 Valerie Village
Dominguezview, MA 76898","2021-06-29"
803,463,804,200,"8498 Ariana Lock
Churchton, CO 76706","2023-01-26"
804,660,797,518,"5829 Emily Mission
North Karen, SD 96939","2022-07-18"
805,59,817,619,"178 Vaughn Parkways Suite 995
Lake Alexanderborough, SD 23177","2021-12-29"
806,891,900,94,"467 Justin Locks Apt. 724
New Brittanyside, OK 45774","2021-12-25"
807,26,35,537,"18017 Eduardo Drives Suite 355
Hoffmanberg, NC 42642","2021-08-27"
808,585,412,715,"USS Perry
FPO AE 54720","2020-09-14"
809,917,212,797,"8519 Hebert Inlet
Nicholasshire, WA 96404","2020-01-15"
810,194,798,335,"858 Kenneth Manor Apt. 047
Millerton, MD 67897","2022-09-24"
811,350,113,706,"7347 Courtney Circle Apt. 907
East Jason, TX 73123","2021-08-01"
812,569,675,347,"Unit 2351 Box 5238
DPO AE 49446","2022-01-10"
813,469,10,539,"712 Cassandra Mews
North Bobbyport, NC 67300","2022-03-31"
814,753,395,984,"2291 King Shoal
New Christopherview, PA 05146","2020-03-14"
815,314,882,841,"1684 Joshua Landing
Lake Melvin, PR 09599","2021-11-25"
816,983,402,900,"8772 Santos Lock
West Jefferyhaven, OK 73658","2020-10-19"
817,765,712,937,"USCGC Lane
FPO AP 25042","2022-04-27"
818,385,671,542,"950 Ashley Highway
Hoffmanmouth, IN 16330","2021-10-06"
819,560,179,206,"3722 Robert Plains Apt. 863
Lake Nicholasview, NM 40209","2020-09-23"
820,236,577,893,"Unit 5487 Box 4459
DPO AE 83284","2021-09-08"
821,743,127,464,"38205 Lee Roads Suite 965
West Krista, AR 60742","2021-09-11"
822,604,455,933,"79521 Lisa Hills Apt. 450
Davenportfort, SD 04082","2023-07-05"
823,175,975,606,"9490 Farmer Forks
North Paul, SD 35897","2021-03-19"
824,315,475,233,"09627 Carter Forest Suite 877
Irwinfort, ID 63539","2021-12-07"
825,892,325,628,"8191 Kim Loaf
Port Justin, ID 26976","2021-05-30"
826,905,294,520,"3643 Joseph Via
Victorburgh, PA 69531","2020-09-22"
827,218,999,806,"526 Anna Knolls Apt. 246
Jenniferfurt, MP 18150","2023-03-24"
828,337,134,73,"2770 Allen Shoal
North Karen, TN 26085","2021-06-02"
829,785,981,736,"01721 Michele Knoll Suite 509
South Thomas, MT 42610","2021-07-04"
830,442,8,592,"69533 Troy Burgs Suite 114
East Eugene, WV 97688","2020-10-22"
831,157,833,886,"Unit 8691 Box 0407
DPO AE 78172","2021-05-10"
832,524,307,348,"Unit 0287 Box 2514
DPO AA 91121","2021-08-11"
833,395,869,519,"6764 Marshall Field
East Gregorystad, TN 74463","2021-09-23"
834,662,762,26,"6089 Marie Mill
East Chelsea, MA 14683","2022-12-01"
835,852,909,711,"5323 Kimberly Center Apt. 353
Jessicaview, MT 86556","2022-10-19"
836,594,237,673,"8397 Franklin Turnpike Suite 772
South Alan, MT 34391","2022-07-13"
837,221,688,745,"1028 Heather Points
Myersfort, VI 27106","2021-12-03"
838,808,90,303,"396 Christina Mews Suite 906
Travisfurt, GA 36366","2022-09-26"
839,812,999,956,"823 Compton Village Suite 194
Port Davidshire, NE 17758","2023-02-01"
840,211,558,377,"8589 Cassandra Rue
Lake Ruthburgh, WV 22425","2022-07-08"
841,681,420,499,"2334 Sarah Trail
Lake Kellyhaven, FM 42764","2022-06-30"
842,881,233,952,"020 Colleen Streets
North Michelleshire, OH 02443","2020-09-25"
843,43,313,128,"104 Flores Manors
Huffmanmouth, OR 78695","2021-08-30"
844,20,238,159,"093 Mitchell Plains
Jefferyview, UT 16549","2020-06-04"
845,952,214,307,"3782 Jeanette Tunnel Apt. 599
Tracyhaven, TN 23926","2021-12-15"
846,518,101,78,"541 Kevin Plains
Barrytown, MD 33983","2021-06-28"
847,876,435,741,"530 Smith Island
East Thomashaven, KS 50653","2022-07-09"
848,838,131,130,"0197 Sullivan Green Suite 156
Port Amber, FL 01040","2022-01-03"
849,674,679,783,"511 Larry Summit
Diazville, IL 61591","2020-06-03"
850,111,20,654,"8089 Joseph Island
East Kelliechester, MT 66602","2021-05-24"
851,499,664,779,"0304 Joshua Oval
Cynthialand, MP 83670","2020-08-12"
852,52,410,219,"448 King Manor
Sotoshire, MP 83597","2021-12-25"
853,677,313,3,"6023 Steven Roads Apt. 095
Jessicafort, ND 64029","2022-08-29"
854,384,636,175,"952 Kenneth Trail
West Eric, AR 16690","2020-11-01"
855,913,237,296,"130 Kristen Glens Apt. 861
Stephaniemouth, OK 66462","2022-10-23"
856,665,66,140,"0697 Kimberly Pike Suite 076
Vasquezville, AR 74383","2023-03-16"
857,962,391,8,"56259 Mark Spurs
Grantstad, AL 63649","2020-12-25"
858,744,368,154,"66241 Dillon Flat Apt. 605
South Amber, IL 55364","2020-12-31"
859,896,481,551,"369 William Overpass Suite 118
South Jillian, MN 22169","2022-06-18"
860,888,516,959,"503 Edward Locks
New Travis, LA 26218","2023-04-05"
861,915,354,416,"2077 Megan Crossroad
Lake Donaldmouth, KY 88442","2020-05-18"
862,204,622,654,"7296 Michael Lock Suite 358
South Kimberlyton, FM 26088","2022-06-18"
863,813,710,1000,"41794 Frazier Parkways
North Shawnton, TX 24278","2020-09-12"
864,15,495,517,"241 Johnson Summit Apt. 620
Kingside, AK 91865","2020-02-17"
865,656,130,70,"730 Michele Parkways Suite 703
North Doris, TX 54753","2021-06-23"
866,333,317,605,"600 Diane Track
Christopherfurt, MT 68326","2020-10-16"
867,17,492,584,"PSC 3698, Box 2437
APO AE 62007","2023-03-15"
868,285,524,558,"76415 Foster Corner
Christopherstad, AL 77388","2022-08-01"
869,261,745,208,"7317 Le Spring Apt. 631
Lake Justin, PA 92260","2021-08-01"
870,412,90,879,"491 Herrera Village
Carmenshire, OR 58387","2023-06-10"
871,721,530,496,"12520 Pollard Viaduct
Kariside, ND 15128","2022-09-23"
872,45,828,586,"9141 Wood Greens Suite 088
West Troyshire, LA 01294","2021-08-21"
873,672,239,298,"814 Allen Tunnel
East Travisbury, MP 16496","2021-07-24"
874,713,871,226,"PSC 6903, Box 3605
APO AE 23330","2022-01-19"
875,8,667,877,"02912 James Forges Apt. 573
Lake Williamchester, WI 27428","2022-03-06"
876,853,253,535,"57459 Rachel Crossroad Apt. 484
Joshuaberg, MP 62811","2022-01-02"
877,40,857,275,"1578 Harris Rapids Suite 825
South Jamesborough, SD 30115","2022-08-09"
878,643,894,330,"445 Figueroa Terrace
Courtneybury, TX 06374","2021-04-05"
879,814,997,878,"19092 Barnett View
East Lisa, MT 30979","2022-07-16"
880,749,912,525,"3321 Benitez Shoals
North Isaac, WA 88901","2022-08-08"
881,167,146,21,"67058 Hubbard Court
Burnsmouth, NC 23896","2020-08-28"
882,159,962,984,"11581 Ramos Valley
Thompsonton, PA 43787","2020-03-30"
883,396,259,760,"328 Zoe Club
Port Michaelside, AZ 78660","2021-10-08"
884,862,154,705,"11464 Daniel Expressway
Joannafort, MT 39890","2020-07-02"
885,388,957,369,"6879 Perez Gateway Apt. 874
West Alexander, NE 29808","2022-04-20"
886,797,130,318,"1787 Krista Points
East Maryfort, NE 44787","2021-03-24"
887,346,184,176,"79548 Michael Mission
Lake Robertmouth, VA 97010","2021-05-13"
888,209,565,602,"PSC 0289, Box 7841
APO AP 39782","2020-08-27"
889,407,127,534,"6997 Mendoza Fall
Josephmouth, PR 94479","2021-01-16"
890,838,525,230,"5687 Suzanne Freeway
Crystalton, TN 40577","2022-08-20"
891,540,133,354,"2099 Brown Stravenue
North Brookeburgh, OR 29080","2021-08-26"
892,438,954,300,"260 Munoz Groves Apt. 800
East Matthew, AR 29239","2021-03-21"
893,219,949,928,"Unit 7828 Box 2068
DPO AA 13192","2020-02-17"
894,391,117,18,"0470 Donald Island
Emilyfurt, NE 94504","2023-06-27"
895,812,29,682,"00824 Tyler Via
Wilsonmouth, FL 98636","2022-01-10"
896,917,273,870,"USCGC Walls
FPO AA 28193","2022-11-06"
897,924,194,59,"090 Scott Brook
Johnsonmouth, UT 46698","2022-05-19"
898,516,468,44,"7588 Smith Isle
Bakerfort, MD 06821","2023-01-11"
899,605,140,214,"9246 Mccormick Stravenue
South Brandymouth, NM 58648","2022-02-04"
900,231,816,988,"9487 Pamela Vista Suite 211
Brownland, MD 19271","2020-08-03"
901,90,598,699,"9742 Morgan Light Suite 290
South Josemouth, RI 01165","2023-03-19"
902,63,84,705,"09501 Murillo Flat
Haleyberg, FL 49075","2022-07-05"
903,530,913,991,"40574 Karen Mission
East Danielbury, MA 00662","2020-09-12"
904,392,364,769,"Unit 1675 Box 1469
DPO AE 39701","2022-01-27"
905,985,397,517,"8990 Owens Place Apt. 920
South Brett, PA 15480","2020-10-24"
906,256,752,345,"149 Darren Rue
West Victoriafort, OK 42176","2020-05-26"
907,721,855,899,"31932 Ashley Creek
Lisabury, WA 16646","2022-04-06"
908,969,455,977,"1164 Brown Villages
Wilsonborough, TX 69028","2022-09-20"
909,527,103,133,"2118 Underwood Branch Apt. 203
Richardsonmouth, NV 77966","2020-09-28"
910,607,218,553,"349 Bruce Skyway Apt. 346
Klineton, ND 19678","2020-11-19"
911,500,22,150,"0702 Olson Manors
New David, RI 49882","2020-07-28"
912,94,936,868,"085 Chan Hills Apt. 709
West Denise, FL 49007","2021-01-19"
913,648,798,140,"83841 Mullins Viaduct
Christianfort, AL 71042","2021-02-02"
914,352,457,148,"9918 Jamie Gardens
Lake Thomas, CT 90997","2023-03-20"
915,674,500,128,"8825 Heather Curve
Port Christopher, NC 38993","2021-12-27"
916,456,55,790,"USNS Schaefer
FPO AA 23442","2020-09-19"
917,518,460,839,"855 Clark Ville
North Jenniferfort, WA 51736","2020-10-24"
918,43,563,755,"65753 Gavin Square Apt. 878
West Stephentown, PR 70271","2021-11-30"
919,377,163,244,"8755 Ramirez Lake
Kristinashire, WI 45794","2023-03-03"
920,928,667,528,"9209 Cross Corner
New Stevenchester, VI 73666","2021-06-06"
921,76,166,382,"3043 Elizabeth Junction
Mistyfurt, VT 82526","2022-04-27"
922,886,529,272,"3919 Emily Forge Suite 809
West Patty, ID 43076","2023-03-28"
923,516,576,388,"290 Shirley Plain Suite 778
Travisland, CO 43044","2022-03-09"
924,821,418,130,"6609 Stewart Mountain
South Emilyview, NM 57272","2021-12-26"
925,413,684,218,"4426 Buchanan Club Apt. 750
Port Natalie, OK 80152","2021-11-17"
926,483,177,915,"789 Caleb Loop Apt. 774
Port Matthewton, WA 31220","2021-10-02"
927,166,34,225,"074 Elizabeth Park
Campbellmouth, AK 67108","2021-05-20"
928,970,214,66,"Unit 4088 Box 3558
DPO AA 02612","2022-08-15"
929,918,455,475,"3516 Brown Canyon
Edwinchester, PA 05038","2023-05-04"
930,1000,559,193,"760 Hunt Roads
Olsonmouth, CA 26208","2022-03-21"
931,357,655,234,"6728 Timothy Square Apt. 737
West Brittanyport, NM 52144","2020-01-31"
932,375,444,129,"116 Rojas Branch Suite 648
Shellyburgh, HI 45004","2021-11-06"
933,709,534,563,"110 Francisco Ranch Apt. 661
North Nicholasfurt, TN 76429","2020-05-05"
934,813,838,948,"2355 Thomas Squares Apt. 467
East Duane, WI 37645","2022-08-11"
935,224,232,61,"84367 Kristin Trail Suite 741
Blankenshipchester, VI 50179","2022-05-31"
936,620,934,372,"8448 Christopher Point
Lake Travis, NY 16547","2023-05-31"
937,1000,960,399,"913 Deanna Manors
Huberborough, IA 36018","2022-12-24"
938,391,91,745,"5881 Brian Rapid Suite 093
North Davidton, IA 59317","2020-11-20"
939,35,909,324,"Unit 9792 Box 0091
DPO AE 10287","2021-07-15"
940,168,251,652,"8193 Brewer Mission Suite 412
Christopherview, OK 41780","2020-09-09"
941,34,707,468,"0139 Gina Square Suite 557
Masonfort, AK 19105","2021-03-17"
942,207,665,61,"86303 Brown Station Apt. 359
East Amber, NM 24408","2022-04-09"
943,783,274,238,"88816 Kelly Crossroad
North Alex, IA 74544","2023-05-18"
944,735,193,810,"6836 Amy River Suite 010
Medinaton, VA 95441","2020-05-13"
945,771,834,872,"1503 Stewart Valleys Apt. 372
New Melissatown, PW 84169","2022-03-17"
946,416,702,207,"38306 Laura Island Apt. 049
Port Kimberly, MI 34313","2022-04-10"
947,920,697,378,"8008 Clark Shoals Suite 761
Bridgesberg, TN 41934","2021-09-29"
948,738,711,707,"8358 Love Port Suite 490
East David, FM 18777","2023-05-30"
949,369,874,375,"441 Larson Lodge Apt. 261
New Jackville, MO 05807","2022-06-17"
950,340,882,957,"3913 Murphy Expressway
Edwardsfort, GA 97995","2023-04-09"
951,876,88,739,"85711 Gilbert Stream Suite 838
Port Ashley, VI 04189","2023-04-26"
952,654,701,158,"28859 Derek Centers Apt. 220
Grayborough, AK 76402","2021-08-07"
953,667,854,688,"USS Garcia
FPO AA 07173","2023-02-17"
954,788,255,470,"8105 Alan Station Suite 654
North Joshua, NM 47162","2020-04-23"
955,121,955,412,"10917 Thomas Stream Suite 580
Whitneychester, WA 44112","2022-06-16"
956,991,440,361,"90272 Christopher Estates
South Meghan, NC 23760","2022-03-12"
957,617,71,104,"6769 Craig Pine Suite 212
West Cynthia, NE 54726","2021-01-31"
958,584,656,966,"13901 Michelle Radial
East Veronicastad, MS 82860","2020-10-02"
959,474,420,363,"380 Johnston Cliff Apt. 934
Taylorburgh, TN 22051","2022-12-25"
960,470,416,964,"7723 Fowler Fall
Anneborough, NY 07252","2021-06-30"
961,807,516,37,"2802 Miller Gateway Apt. 939
Sierraberg, KS 81553","2020-04-19"
962,163,115,789,"50517 Derrick Island Suite 067
Port Emma, GA 91568","2021-04-14"
963,426,822,846,"4069 Ramirez Motorway
Ryanmouth, MH 42122","2022-03-28"
964,963,438,552,"537 Williams Islands
Port Lauraton, NE 58119","2020-02-10"
965,134,431,225,"52845 Abigail Neck
Port Paigestad, ID 49135","2020-06-25"
966,989,770,142,"120 Miller Walks
Andersenport, VT 44660","2020-06-06"
967,611,817,534,"PSC 6940, Box 1422
APO AP 58331","2021-04-12"
968,346,323,629,"8611 Jacob Ville Apt. 907
North Matthewview, PR 82295","2020-04-27"
969,659,680,304,"28319 Jacobs Throughway
North Chadburgh, WV 84666","2020-02-09"
970,610,174,553,"891 Jacob Wells Suite 846
Kimfurt, AR 93618","2020-05-27"
971,164,325,322,"57965 Orozco Cove
Paigebury, UT 19363","2020-11-15"
972,834,763,122,"615 Stuart Estates
Hillview, AK 69722","2022-11-08"
973,112,605,814,"3766 Jessica Loaf
Port Mauriceton, NM 55835","2023-02-27"
974,113,697,565,"4470 Kimberly Greens
Rogershaven, UT 38697","2020-05-28"
975,983,330,813,"PSC 0835, Box 9979
APO AE 14370","2021-09-01"
976,453,281,42,"995 Nathaniel Hill Apt. 586
East Eric, PA 50349","2021-10-30"
977,592,647,6,"65518 Joshua Mountain
Rebeccaborough, OR 69272","2023-03-17"
978,307,79,65,"1435 Nicholas Mountains Apt. 176
North Drew, MD 79629","2022-12-15"
979,461,829,719,"72780 Richard Parks
Lake Carla, VI 93996","2021-07-01"
980,552,45,79,"00792 Elizabeth Plaza
Lake Brentton, SD 21644","2022-04-08"
981,523,654,600,"044 Andrew Key Suite 641
Terribury, SD 64475","2021-05-25"
982,958,189,88,"439 Daniel Mall Apt. 918
Amychester, AK 71190","2022-12-18"
983,371,207,155,"352 Traci Run
Port Rebeccaberg, PA 67145","2023-01-18"
984,344,733,740,"578 Diana Vista
Ashleybury, AK 83715","2021-08-27"
985,579,658,765,"2314 Matthew Isle Suite 920
Simpsonfort, NE 29594","2020-07-04"
986,557,71,31,"Unit 4436 Box 9237
DPO AE 89198","2020-05-13"
987,122,902,786,"7524 Wendy Square
Lake Karenberg, CO 53625","2022-05-06"
988,654,178,823,"45154 Herring Passage
West Danny, OH 12763","2021-09-21"
989,814,953,52,"9590 Mckay Rue Apt. 480
Samuelchester, AZ 01465","2022-10-09"
990,581,241,239,"5506 Alexis Mount
Dianaside, AR 22338","2020-02-27"
991,485,809,547,"6544 Montes Pike
New Robert, DE 67563","2021-09-14"
992,166,162,228,"6538 Danny Overpass Suite 812
Port John, SD 65920","2021-02-10"
993,430,533,458,"93573 Valerie Squares
South Tamarastad, MP 50164","2022-10-10"
994,698,574,997,"617 Trujillo Ville
East Jennifer, IL 67499","2022-08-16"
995,661,377,186,"28349 Peterson Via
Murraystad, WV 06211","2022-08-26"
996,699,836,597,"00335 Smith Harbor Suite 766
South David, IL 77722","2023-05-09"
997,43,358,269,"50440 Veronica Valley
Port Christopherfurt, LA 28900","2023-03-10"
998,529,600,13,"672 Powell Crossing
Ruizshire, MS 80517","2021-02-20"
999,5,699,621,"106 Wade Forge Apt. 151
Andrewburgh, NV 19223","2022-05-01"
1000,809,15,916,"762 David Parkway
Audreyville, MN 93221","2020-02-20"
