"customer_id","first_name","middle_name","last_name","contact_number","email"
1,"Nicholas","Michele","Chavez","(991)249-9317","vnash@example.org"
2,"Tracy","Jessica","Johnson","936.670.2023x377","ricenatalie@example.org"
3,"Leah","Gloria","Garrett","221.737.6097x1860","patricia32@example.org"
4,"Robert","Ryan","Larson","710.509.5347x054","ygeorge@example.net"
5,"Chelsea","Louis","Mendez","+1-354-710-5718","zbush@example.org"
6,"Cheryl","Linda","Flynn","001-762-241-5727","kaitlyn31@example.com"
7,"Michelle","Lisa","James","(451)713-8225x8674","jennifer98@example.org"
8,"James","Linda","Thornton","+1-897-892-6926x5796","natashalewis@example.net"
9,"Jose","Marcus","Rodriguez","(577)381-1728x854","sara59@example.org"
10,"Steven","Samantha","Butler","(732)696-5750","toddchristina@example.com"
11,"Jacob","John","Hernandez","(774)748-5223x37064","nstein@example.org"
12,"Matthew","Jeffery","Jones","766-770-8992x137","patrickowens@example.org"
13,"Frances","Catherine","Wallace","+1-510-823-5107","usmith@example.com"
14,"Edward","Gregory","Gould","001-567-841-8254x173","ochambers@example.org"
15,"Jennifer","Colleen","Smith","802.338.7279","dorothydavies@example.net"
16,"Patricia","Rebecca","Dyer","932-894-3909","nmiller@example.net"
17,"Jessica","Peter","Lowery",6868476857,"bartonholly@example.org"
18,"Daniel","Andrea","Jacobson","445.923.4291","brucekerr@example.net"
19,"Kristine","Christina","Richards","+1-966-488-4544x21422","christopherwilliams@example.com"
20,"Mark","Chris","Garrett","428.984.0257","dnielsen@example.net"
21,"Daniel","Darlene","Craig","+1-746-484-4260x124","matthewsavage@example.org"
22,"Gregory","Veronica","Villegas","001-317-927-0717x94287","christopher69@example.com"
23,"Taylor","Carlos","Mathews","(885)702-2656","vhill@example.org"
24,"Peter","Catherine","Nguyen","001-369-277-2620","edward16@example.com"
25,"Peter","Christine","Gordon","001-212-244-2852x57130","fmartin@example.org"
26,"Diane","John","Morales","998-293-1542","nelsonjuan@example.com"
27,"Jeffrey","Amy","Garcia","001-667-411-5603","thomasvaldez@example.org"
28,"Matthew","Sharon","Lawrence",2323413000,"adamsmatthew@example.com"
29,"Denise","Thomas","Hughes","(354)957-8153x77842","dorseywilliam@example.net"
30,"Paul","Anthony","Johnson","858.617.9704x9663","paulagray@example.net"
31,"Monique","David","White","(797)875-2591","charlesjohnson@example.org"
32,"Samantha","Brianna","Williams","(452)877-0899x7515","peter77@example.net"
33,"Lindsay","Nicole","Edwards","001-532-203-9931x978","jackpoole@example.net"
34,"Eugene","Zachary","Taylor","489-830-6786x7784","carolyn90@example.org"
35,"Justin","Jeffrey","Peck","(904)524-9382","christopherwarner@example.com"
36,"Lisa","Charles","Hunt",6268798969,"sandrajames@example.com"
37,"Laurie","Shelby","Yang","913.421.4806x40989","smithjodi@example.net"
38,"Charles","Sarah","Anderson","351-341-8599x7613","kylebell@example.net"
39,"Dana","Chad","Sharp","(712)629-0736","ryanarcher@example.com"
40,"Julia","Bryan","Williams","484-382-9142","samantha50@example.com"
41,"Gabriel","Brenda","Hernandez","739-762-2821x40582","tsilva@example.com"
42,"Lisa","Sergio","Franklin","001-362-926-1240","fryejoseph@example.net"
43,"Nichole","Brandon","Blair","621-376-1844x32167","fisherjohn@example.net"
44,"Kathryn","Gloria","Owens","906-738-8548x8803","carternicolas@example.net"
45,"Molly","Teresa","Baldwin","365.392.0007","brettanderson@example.com"
46,"Melissa","Marcia","Hooper","(899)259-5271","tonyafloyd@example.net"
47,"Audrey","Edward","Myers","001-296-263-7747x38108","jfrazier@example.net"
48,"Annette","Brett","Casey","(830)364-1809x1299","conwaymaurice@example.com"
49,"David","Tonya","Bowen",3229775928,"charlotterogers@example.net"
50,"Holly","Jennifer","Castillo",4837750438,"brucepeters@example.com"
51,"David","Michael","Smith","690.531.4715x2854","douglas45@example.org"
52,"Alexandra","Audrey","Oneill","394.298.7557","samuel40@example.net"
53,"Ashley","Cassandra","Hernandez","(691)746-5350x7033","paulaleonard@example.net"
54,"Beth","Matthew","Wagner","891.307.2683","flemingrichard@example.org"
55,"Michelle","Jeanette","Williams","001-695-534-9336","smithpaul@example.com"
56,"Drew","Danielle","Ward","001-746-449-6409x73945","ramirezmark@example.net"
57,"Vincent","Deborah","Martinez","(432)208-6885x1063","dhicks@example.com"
58,"Elizabeth","Erika","Burton","940.856.6994","woodsrobert@example.net"
59,"Shari","Jacob","Marsh","(562)369-6808","huntshannon@example.com"
60,"Deanna","Michael","Lucero","686-952-3555x0163","johnstonkendra@example.com"
61,"Jamie","Leroy","Hurst","+1-276-319-2102x79962","christina83@example.com"
62,"Andrea","Scott","Mcgee","(640)230-3794x5180","jmoore@example.net"
63,"Anthony","Kirsten","Myers","001-950-978-8686x807","zwilliams@example.net"
64,"Amy","Jeff","Duarte","273-449-5161x532","carol43@example.com"
65,"Preston","Kevin","Jones","(933)835-0404x11800","jorgemann@example.net"
66,"David","Paul","Randall","(755)821-5359x3187","briannaanderson@example.com"
67,"Samantha","Jonathan","Garcia","+1-242-299-8984","andrew79@example.net"
68,"Michelle","Diana","Carter","(855)211-6224x5460","cortezjennifer@example.org"
69,"Natasha","Jodi","Rubio",2526161699,"mstewart@example.org"
70,"Diana","Timothy","Tate","(422)404-9947x5862","william58@example.com"
71,"Margaret","Stacey","Downs","(795)650-6689","martinezbrandon@example.org"
72,"Margaret","Justin","Howard","+1-899-948-7963","john55@example.net"
73,"Frank","Mary","Daniel","(601)561-5060x352","gsanchez@example.org"
74,"Richard","Randall","Valenzuela","506-352-6328x94448","shannon25@example.com"
75,"Chad","Angela","Carrillo","(642)566-7126x483","suzannephelps@example.com"
76,"Trevor","Mark","Brandt","001-616-705-7800","griffinkenneth@example.org"
77,"Ryan","Angela","Kelley","829.920.2115x527","phelpsjames@example.com"
78,"Michael","David","Walton","(339)256-9367","tbarrett@example.com"
79,"Tammy","Sarah","Hoffman","001-538-533-1932x41555","davidbentley@example.com"
80,"Justin","Diane","Miller","(991)574-0991x67305","ofisher@example.net"
81,"Zachary","Rodney","Reyes","693.849.5521","tuckeremily@example.net"
82,"Sarah","Chad","Robinson","904.806.2464","kimberlyjohnson@example.com"
83,"Lindsay","Laura","Lucero","+1-534-978-4945x6403","brooksryan@example.com"
84,"Richard","Theresa","Johnson","997-566-2007x6051","shellylamb@example.org"
85,"Joy","Kevin","Ramos","(831)815-1442x4169","sbuchanan@example.net"
86,"Mason","Joan","Martin","897-279-6300x283","ugolden@example.net"
87,"Beth","Gabrielle","Lewis","(376)637-6321","christopherhudson@example.net"
88,"Connie","Samantha","Bennett","+1-202-498-9816x6260","lisajohnson@example.com"
89,"Lindsey","Juan","Gonzales","598-676-2353","davismonica@example.com"
90,"Jennifer","Marissa","Bennett","877.560.7487","lisabell@example.net"
91,"Matthew","Angela","Hancock","001-715-405-9763x75840","andrew28@example.org"
92,"Jared","Emily","Blair","+1-226-987-3863x07551","ytaylor@example.com"
93,"Christopher","Elizabeth","Wood","456-861-0535","vcarlson@example.org"
94,"Wendy","Sara","Wilson","001-932-384-1323","gutierrezcharles@example.net"
95,"Jack","Renee","Brown","001-854-518-9138x02274","johnsonjuan@example.com"
96,"Michael","Sarah","Harris","+1-826-877-5455x046","dillon37@example.org"
97,"Aaron","Catherine","Baker","001-419-719-8578x7411","jacksonmichelle@example.com"
98,"Jack","Matthew","Ellis","+1-494-391-5256x125","carrie49@example.com"
99,"Angelica","Jacqueline","Riddle","267-409-8475x085","johnsonmichael@example.net"
100,"Zachary","Jonathan","Maxwell","+1-650-327-1417x689","william69@example.org"
101,"Joseph","Jeremy","Clayton","(794)330-3430","obeltran@example.com"
102,"David","Gregory","Rowe","(360)903-5346x20956","munozjacqueline@example.org"
103,"David","Jeremy","Horn",4057686173,"edorsey@example.net"
104,"Kathleen","Danielle","Davis","620.800.2187x606","holly91@example.org"
105,"Christina","Brenda","Davis","964.889.9929","watsonstephanie@example.net"
106,"Michael","Peter","Ford","(251)387-3584x045","vcarrillo@example.net"
107,"Helen","Julia","Fischer","433.435.4021x093","paige67@example.org"
108,"Kimberly","Jessica","Wall","(281)863-5028x7225","robinthompson@example.org"
109,"Erik","Heather","Hendrix","001-543-944-6568","cortezaaron@example.net"
110,"Deborah","Lisa","Lowery","+1-616-330-5809","bonddanielle@example.com"
111,"Abigail","Caleb","Jackson","(532)728-5605x71956","gilmorebenjamin@example.net"
112,"Ryan","Barbara","Wagner","682.285.1804x68996","heather88@example.net"
113,"Rachel","Jacqueline","Allen","446.247.7085x14229","jefferywilliams@example.com"
114,"Scott","Richard","Roth","386-884-6547x1862","patriciaarnold@example.org"
115,"Leslie","Gary","Shields","(549)454-3647","fullertara@example.org"
116,"Jason","Steven","Wilcox","(672)370-5008","wrightalexis@example.net"
117,"Deanna","Richard","Decker","001-591-261-4541x3689","mmeyers@example.org"
118,"Tina","Kevin","Weber","530-868-3231x677","johnbowen@example.org"
119,"Angela","John","Gutierrez","380.568.9198x13973","carpenterdavid@example.org"
120,"Tina","Joyce","Castillo","(806)943-2665","amandabyrd@example.com"
121,"Gregory","William","Gordon","001-885-895-6714x2477","melissa55@example.org"
122,"Edwin","Kristin","Thompson","(546)389-8575x616","pcruz@example.com"
123,"Julie","Joseph","Hamilton","919-568-6276x78669","jacobfreeman@example.com"
124,"Dawn","Tiffany","Taylor","330-246-1186x25067","martinbooth@example.com"
125,"Wendy","Matthew","Hernandez","734.866.8767","serranodaniel@example.org"
126,"Amy","Virginia","Vega","(991)804-8255x5187","floresdalton@example.org"
127,"Yvonne","Belinda","Moody",5864982184,"tclayton@example.com"
128,"Susan","Brent","Walter",5277183465,"xjohnson@example.net"
129,"Lauren","Lisa","Weaver","(742)748-4527","danaparker@example.org"
130,"Howard","Jesse","Chapman","+1-794-456-2090x562","randyvaldez@example.com"
131,"Benjamin","Alan","Roberts","(729)967-2685","franklinlori@example.org"
132,"Brandon","Gregg","Rivera",6276799006,"margaret26@example.net"
133,"Cheryl","Andrew","Davis","+1-969-227-1162x4269","dawnarnold@example.net"
134,"Alyssa","Susan","Rodriguez","537.508.7756x529","kaguilar@example.net"
135,"Stephanie","Kimberly","Wiley","001-709-778-4920x8163","xterry@example.org"
136,"Angela","Olivia","Jackson","+1-227-430-1253x18995","lacey43@example.com"
137,"Rachel","Michelle","Stuart","001-291-989-5970","valerie53@example.net"
138,"Emma","Marie","Wright","(820)254-3372x02886","simsjohn@example.com"
139,"Shannon","Jose","Berry","376-416-1300","elizabeth12@example.com"
140,"Shelby","Austin","Mendez","404.495.4802","qmarshall@example.org"
141,"Aaron","Steven","Jimenez","+1-917-971-9307x26836","morgankatherine@example.com"
142,"Erica","Samantha","Merritt","640-853-8974x577","harrissarah@example.net"
143,"Barbara","Gwendolyn","Johnson","386.908.1974x3582","elizabethortiz@example.org"
144,"Stephanie","Todd","Savage","960.290.6682x098","evanscarl@example.net"
145,"Kayla","Timothy","Curry","+1-205-254-7746","carrollamanda@example.org"
146,"Gina","Jill","Zimmerman","+1-507-663-3706x362","joseph54@example.net"
147,"Stephen","Austin","Mckenzie",2574092721,"wendyrice@example.com"
148,"Dean","Jerry","Solomon",9764510167,"mary06@example.org"
149,"Raymond","Emily","Young","(220)663-8468x968","brett53@example.net"
150,"Sarah","Mercedes","Gross","406.329.6868x858","davishenry@example.net"
151,"Michael","Kimberly","Vasquez","+1-261-267-2748x92562","mendozanatalie@example.com"
152,"Carol","Matthew","Miller",9544991419,"shudson@example.com"
153,"Andrew","Wayne","George","804.570.0295","ryanherrera@example.net"
154,"Devon","Lindsay","Hayes","(648)432-8505x998","ntucker@example.net"
155,"Matthew","Jennifer","Richardson",3177776689,"matthewbriggs@example.net"
156,"Logan","Tyler","Holland","359-278-1808","larry21@example.org"
157,"Nicole","Richard","Lane","336.993.2933x290","john95@example.com"
158,"Brianna","Raymond","Conley","001-788-883-7119x77005","oluna@example.com"
159,"Dawn","Sophia","Sanchez","+1-245-357-6013x323","kristyherrera@example.com"
160,"Crystal","Ashley","Jackson","580-415-1181x755","tannerjensen@example.net"
161,"Gregory","Joseph","Pearson",6068970389,"grice@example.org"
162,"Timothy","Earl","Wright","962-952-8774x1436","timothycobb@example.com"
163,"Tracy","Erica","Wu","703-375-2562x4900","wrightmark@example.org"
164,"Tiffany","Charles","Cortez","905.587.3058x04080","christine40@example.net"
165,"Sarah","Jeremy","Perez","(383)897-9897","chadmolina@example.org"
166,"Scott","Michael","Mcintosh","337.517.7536","lesliecrane@example.org"
167,"Kristin","Sherry","Kirby",4115596403,"angeladiaz@example.com"
168,"Harold","Steven","Jones","001-736-611-3477","kbolton@example.org"
169,"Kimberly","Kathryn","Brewer","726-864-3758x072","tsmith@example.net"
170,"Christian","Alyssa","Jones","943-878-3489","jennifergarcia@example.com"
171,"Robert","Katherine","Green","931.363.2523","ureynolds@example.net"
172,"Alec","Krystal","Armstrong","001-546-655-7192","mcmillanchristopher@example.net"
173,"Emily","Rachel","Jones","(922)301-6933x546","spencermichael@example.org"
174,"Jason","Robert","Alvarez","893-573-4356x06921","gdavidson@example.org"
175,"Jean","Amanda","Ross","580.742.8629","kdunn@example.org"
176,"Suzanne","Kelly","Barry","777-431-5526x60933","qlevy@example.org"
177,"Brian","Joseph","Flowers","204-862-5464","hboyle@example.org"
178,"Valerie","Lynn","Wilson","887-889-7159","ijohnson@example.org"
179,"Timothy","Henry","Bailey","580-956-0873x82865","david74@example.net"
180,"Stephanie","Samantha","Kelly","(982)803-8606","smithdavid@example.org"
181,"Jennifer","Nathan","Stephens","688-830-1831x415","darrylmitchell@example.com"
182,"Christopher","Nancy","Ford","268-484-1043","sharonschultz@example.org"
183,"Danielle","Janice","Johnson","+1-830-921-0181x22978","dickersonwilliam@example.com"
184,"Bradley","Michael","Bullock","(826)642-1578","bsherman@example.org"
185,"Bonnie","Jordan","Williams",8474933236,"kellyroth@example.net"
186,"Charles","Angel","Austin","454-731-8039","robert16@example.net"
187,"Nathan","Edward","Williams","368-219-0027x9822","suewelch@example.org"
188,"Lauren","Amanda","Rivera","001-389-216-8225x8817","jessicacruz@example.com"
189,"Desiree","John","Hopkins","299-325-9710x16196","pacesandra@example.org"
190,"Richard","Lance","Campos","246-545-8571","millerdavid@example.com"
191,"Kathy","Thomas","Roth","520.261.9382x2822","campbellsean@example.com"
192,"Melanie","Courtney","Cannon","930-853-4057x99560","williamfowler@example.org"
193,"Christina","Chris","Hart","982.443.9079x89766","santosjames@example.net"
194,"Roberta","Claudia","Parker","001-647-220-4426x847","fmueller@example.net"
195,"Becky","Kevin","Phillips","302.799.7617","bradleyclarke@example.org"
196,"Nathan","David","Russell","250.625.0493x20785","gdean@example.org"
197,"Gary","Jason","Watson","(581)654-7480x801","brownalexandra@example.net"
198,"Michael","Geoffrey","Gomez","001-797-895-8398x443","matthewrogers@example.com"
199,"Eileen","Thomas","Bennett","826-413-0548","nicholas62@example.net"
200,"Roberto","Jason","Burke","+1-690-472-4612","zwood@example.com"
201,"Emily","Hunter","Parsons","(468)779-2071x01628","francisweber@example.com"
202,"Scott","Richard","Watts","001-659-626-6615x4792","kimberlyramos@example.com"
203,"Lauren","Cynthia","Kirby","+1-667-353-7986","macdonaldmichael@example.net"
204,"Warren","Melody","Price","217.973.3834x522","canderson@example.net"
205,"Nicholas","Annette","Norton","428-635-4760","ericvaughn@example.com"
206,"Jeremy","Cheryl","Soto","+1-747-617-7450x8459","evelyncolon@example.net"
207,"Jeffrey","Penny","Wallace","(455)729-7560","gardnerelizabeth@example.org"
208,"Maria","Brittany","Davis","+1-797-534-8684","christopherjohnson@example.net"
209,"Daniel","Tracey","Cook",6513468849,"jenniferayala@example.net"
210,"Nicholas","Diana","Ramirez","(765)297-8554x5476","eric76@example.net"
211,"Alexandra","Theresa","Berry","658-467-4710","mperez@example.org"
212,"Kathy","Samantha","Smith","(233)983-7608x9067","paulthompson@example.com"
213,"Steven","Michele","Coleman","370.779.8445","whebert@example.org"
214,"Roy","Brooke","Finley","+1-752-926-3160x4106","inunez@example.com"
215,"Vanessa","Deborah","Baldwin","(342)512-7482","christinavelez@example.com"
216,"Greg","Jeffrey","Wilson","(212)665-7266","vwebb@example.com"
217,"Lawrence","Kimberly","Ramsey","304-347-0280x366","wilkersonmargaret@example.org"
218,"Alicia","Emma","Harris","(776)385-4519x082","jacobserica@example.net"
219,"April","Mindy","Dixon","696.778.9073x0316","johnburke@example.com"
220,"Jacob","Shane","Blanchard","323.395.3966x52659","lonnie70@example.org"
221,"Richard","Emily","Watson","(679)283-7570","matthew80@example.com"
222,"Matthew","Jennifer","Mcclain","(931)841-4297","pachecomark@example.net"
223,"Rachel","Joel","Burgess",6928238256,"crosbydavid@example.net"
224,"William","Frederick","Sanford","279-634-3575x597","shortchristine@example.net"
225,"Stacy","Stephanie","Christian","001-640-499-2305x170","andrewdavis@example.com"
226,"Pamela","Tyler","Waller","897-962-6015x6752","rogersrachel@example.com"
227,"Hayden","Mark","Sullivan","390-504-1558x50633","michellemacias@example.net"
228,"Eric","Elizabeth","Zamora","001-996-779-1878x172","kellymia@example.net"
229,"Monique","Justin","Liu","001-775-507-8811x2487","bradleylawson@example.org"
230,"Richard","Tiffany","Carney","(504)649-8409x844","cookrobin@example.org"
231,"Elizabeth","Robert","Coffey",4347198084,"charles81@example.net"
232,"Julie","Nicholas","Underwood","+1-424-601-7829x75889","ericachaney@example.org"
233,"Christina","Christian","Hoover","896.905.7395x411","seantyler@example.com"
234,"Daniel","Jeanne","Alexander","(364)681-1773","kherman@example.net"
235,"Nathan","Antonio","Nichols","833-440-6741x88804","mnelson@example.com"
236,"Chase","Christopher","Garcia","001-961-898-1740x3725","clarkchristina@example.org"
237,"Lindsay","Molly","Torres","001-315-750-6788x264","kennethdavis@example.com"
238,"Miranda","Brian","Gonzalez","(217)333-4139","keithhicks@example.com"
239,"Trevor","Vanessa","Guzman","256.741.9975x16012","barbara62@example.net"
240,"Catherine","Amanda","Park","314.647.9302x3940","rogersjeffrey@example.net"
241,"Erin","Christine","Aguirre","+1-706-434-2178x1775","john88@example.org"
242,"Joshua","Courtney","Clark","324-941-8967","nlynch@example.net"
243,"Katrina","Valerie","Walker","(727)930-2206","knightdillon@example.net"
244,"Justin","John","Bryant",5376457404,"owallace@example.com"
245,"Michael","Victoria","Miller","(968)212-5300x37192","claire85@example.net"
246,"Brenda","Austin","Willis","364.965.7503x534","charles71@example.net"
247,"Andrea","Vicki","Villa","+1-967-815-1429x208","michellemorton@example.com"
248,"Elizabeth","Richard","Pittman","+1-991-767-4061x58561","rlevine@example.com"
249,"Kelly","Mary","Parker","+1-668-556-0354x13769","uwilliams@example.net"
250,"Jeffrey","Victoria","Simpson","902-765-1124x6048","erodriguez@example.net"
251,"Joe","Kristen","Harris","549.207.9093","williamslynn@example.com"
252,"Ryan","Marcus","Ellis","913-297-1770","gomezmelissa@example.com"
253,"Ronald","Linda","Bender","+1-531-374-9197","rodneyharris@example.net"
254,"Michael","Justin","Daniels","(407)594-6373x388","wphillips@example.net"
255,"Christina","Amy","Johnson","(739)880-0954x76914","alexandraarnold@example.com"
256,"Paul","Belinda","Richard",3429338194,"josephdunn@example.net"
257,"Michael","James","Edwards","314.207.9470x6137","bwilcox@example.com"
258,"Paula","Jason","Bautista",3588877469,"dcross@example.org"
259,"Matthew","Rebecca","Thornton",5455578465,"gonzalezjessica@example.net"
260,"Jonathan","Christopher","Harrison","(775)895-4263x713","pcarr@example.org"
261,"Jeffrey","Marissa","Taylor","410-898-8100x82021","pscott@example.org"
262,"Tiffany","Samantha","Cox","823.229.6525x2828","mark88@example.net"
263,"Jennifer","George","Sparks","(367)763-3050","stevenwilliams@example.com"
264,"Cindy","Brian","Valentine","001-489-867-6721x363","nicole59@example.com"
265,"Joshua","David","Ewing","(888)201-3631x610","ryan71@example.net"
266,"Gerald","Brian","Dixon","(940)209-4722x719","johnsmegan@example.org"
267,"Jon","Justin","Jenkins","(533)532-9692x9368","nathan99@example.com"
268,"Kimberly","Nicholas","Bauer","001-766-271-1703x517","iryan@example.net"
269,"Hannah","John","Howe","697-485-1669x66754","ybryant@example.com"
270,"Matthew","Richard","Gaines","736.593.1453x05293","nortonmichael@example.net"
271,"Danielle","Steven","Lewis","(469)371-8510x2738","jamieerickson@example.org"
272,"Wendy","Eric","Smith","928.514.2283x083","swilliamson@example.com"
273,"Kenneth","Jeffery","Chaney","647-303-3216","brenda57@example.com"
274,"Laurie","Stephanie","Rivers",5085088394,"brandonbolton@example.com"
275,"Shannon","Mark","Walters","+1-762-581-7262x75363","jilllowe@example.com"
276,"Jennifer","James","Lewis","737-452-3703x47314","sydneyelliott@example.com"
277,"Christopher","Victoria","Roth","200.635.8445x1508","mercedesmcfarland@example.net"
278,"Lisa","Devon","Kim","970.977.2951x557","pmyers@example.net"
279,"Michael","Timothy","Stewart","(916)570-3695x234","josephgreen@example.net"
280,"Meghan","Michael","Silva","001-990-990-1285","jasonstewart@example.net"
281,"Lisa","Rachel","Reyes","(858)266-9286x6587","ttaylor@example.com"
282,"Stephanie","Laura","Miller","729.433.2239x442","rothtyler@example.org"
283,"Jeffrey","Sean","Hernandez","+1-931-293-9650x1452","patricia25@example.org"
284,"Chase","Cheyenne","Garcia","(915)373-1865x4950","csmith@example.org"
285,"Daniel","Jeffrey","Miles","(960)745-1406","jsimmons@example.com"
286,"Bianca","Melissa","Lynch","001-258-294-5697x4802","rharris@example.net"
287,"Alexander","Carrie","Carey","518-405-8381x5492","noah63@example.com"
288,"Andrew","Mindy","Brown","663-515-0107","catherine51@example.net"
289,"Tonya","Tracy","Buck",7693155957,"blakewang@example.com"
290,"Kelly","Lori","Hayes","(998)484-3831x0906","jeremymontes@example.net"
291,"Richard","Tamara","Wolf","565-714-4005x480","leonmariah@example.org"
292,"Danielle","Heather","Travis","644.864.3788x32214","amanda70@example.org"
293,"Loretta","Melanie","Rivera","909.694.2694x90023","waltervasquez@example.com"
294,"Judy","Carly","Rogers","(814)397-7278x968","whitedennis@example.org"
295,"Alexander","Michael","Maynard","+1-923-521-5695x64378","richardsonmatthew@example.com"
296,"Joseph","Jo","Cox","(613)605-0264x54368","qmcdaniel@example.com"
297,"Courtney","Daniel","Lawson","342.905.0147","uhernandez@example.org"
298,"Christopher","Jennifer","Bennett","+1-943-701-8826x98593","cynthiasanders@example.net"
299,"Joshua","Juan","Dean","759.997.6746","lucerobrittany@example.com"
300,"Cheryl","Melanie","Monroe","(611)225-9836x12443","brooksjane@example.net"
301,"Tammy","Julie","Jordan","001-575-962-2094","katie53@example.org"
302,"Mary","Deborah","Holland","(710)986-1315","cmerritt@example.org"
303,"Eric","Diana","Lopez","706-384-1232x744","alyssawilson@example.org"
304,"Teresa","Michael","Gutierrez","001-555-396-7632x6319","scottosborne@example.com"
305,"Monica","Dorothy","Shelton","744.223.9465","william99@example.com"
306,"Eugene","Corey","Washington","001-544-243-9549x1799","rwatts@example.com"
307,"Nathan","Daniel","Bennett","+1-931-525-6295x3614","harriswilliam@example.com"
308,"Michael","Kenneth","Medina","+1-312-506-0756","douglasgutierrez@example.net"
309,"Billy","Jon","Williams","349-762-3449","anita07@example.org"
310,"Russell","James","Castro","+1-929-790-0392","ajennings@example.net"
311,"Jodi","Jean","Spence","387-210-9561x037","rcortez@example.org"
312,"Wayne","Tyler","Harris","001-732-602-8214x8178","kevinlindsey@example.com"
313,"William","Robin","Bell","583-442-8907","deleonnicholas@example.net"
314,"Joshua","Anthony","Weaver","(464)440-9989","weberrandall@example.org"
315,"Crystal","Jason","Scott","+1-777-415-7398x093","iking@example.net"
316,"Grant","Trevor","Figueroa","+1-560-987-2105x9724","xguerrero@example.com"
317,"Robert","Jennifer","Walters","001-731-430-8276","deborah92@example.com"
318,"Lisa","Rebecca","Whitaker","273-828-4093","espinozabrenda@example.com"
319,"Nicholas","Joseph","Zimmerman","697.946.8073","yharris@example.org"
320,"Jennifer","Robin","Santana","+1-900-637-9547x5876","ogonzalez@example.com"
321,"Keith","Emily","Lewis","+1-785-420-6584x5505","garyhall@example.net"
322,"Kevin","James","Castillo","+1-277-844-2325x518","michaellin@example.net"
323,"Jeremy","Michael","Cooke","703-552-4134x47099","brookecunningham@example.com"
324,"Michelle","Monica","Collins","001-817-698-6335x0498","kaylaking@example.com"
325,"Alexander","Larry","Wang","(209)991-7489","jeffery80@example.org"
326,"Brandon","Brian","Abbott","+1-697-840-5532x85778","richardmiller@example.org"
327,"Luis","Paula","Orr","593-916-5789x14102","laurapacheco@example.org"
328,"Matthew","Cassidy","Pierce","(746)309-4825","smooney@example.net"
329,"Jason","Dawn","Jordan","001-770-872-3851x2304","ramirezmelissa@example.net"
330,"Patrick","Stephanie","Foley","(314)739-1404x4483","richard75@example.com"
331,"Erin","Curtis","Jones","001-384-922-1167x337","lisa65@example.org"
332,"Monica","Deborah","Trujillo","820-571-2710x24457","igibson@example.org"
333,"Jacob","John","Perez","875.953.8431","rperez@example.com"
334,"Travis","Christopher","Gilbert","+1-204-385-3822","hneal@example.com"
335,"Andrew","Mark","Reynolds","288.410.4727x38821","fduran@example.com"
336,"William","Curtis","Williamson","927-989-9423x591","ubarnes@example.org"
337,"Megan","Courtney","Johnson","(519)420-4399x2771","coleheather@example.org"
338,"Christopher","Cathy","Douglas","628.801.7926x52228","joshua97@example.com"
339,"Amanda","Heather","Erickson","449-873-8130x591","elizabeth02@example.net"
340,"David","Cameron","Snyder","261-693-3353x98784","edouglas@example.net"
341,"Martin","Rachael","Manning","925-830-2924","nicole61@example.com"
342,"Sean","Elizabeth","Rowe","203-206-3924x755","juliaadkins@example.org"
343,"Rebecca","David","Campos","609.691.0757x640","costasusan@example.org"
344,"Sara","Cathy","Mack","823.995.3247","danielmaddox@example.net"
345,"Natalie","Shelia","Dennis","955.839.2413x9465","lydia17@example.net"
346,"David","Sarah","Boyd","926-275-5322x499","chensley@example.net"
347,"Julie","David","Chambers","+1-635-977-5097x285","michaelrodriguez@example.net"
348,"Janet","Garrett","Fox","+1-729-871-6289x1896","loganflores@example.com"
349,"Kelly","Brian","Bowman","001-910-336-2393x89746","taylorjohn@example.net"
350,"Jonathan","Kevin","Delacruz",7563104469,"eugene82@example.com"
351,"Michelle","Heather","Peterson","001-931-909-3032x199","michael29@example.com"
352,"Wesley","Mary","Johnson","745.341.4697x2619","mcollins@example.org"
353,"Theresa","Theresa","Lozano",3453096074,"christopher65@example.org"
354,"Martha","Alan","Clark","+1-646-329-2920x63072","jimmyking@example.net"
355,"Margaret","Jimmy","Owens","307-582-2513x4540","james24@example.org"
356,"Matthew","Christine","Hayes","388-713-4293x9591","kwilliams@example.net"
357,"Kelly","Andrea","Webb","+1-652-650-9413x131","lee55@example.org"
358,"Amanda","Randall","Herman","219.941.4104x19301","michaelrose@example.net"
359,"Julie","Jennifer","Wagner","852-617-8982x76913","morr@example.com"
360,"Ronnie","Michael","Curtis",8404026864,"rachaelsmith@example.org"
361,"Joseph","Michael","Rodriguez","(267)743-1737","wrightellen@example.org"
362,"Kenneth","Christine","Peterson","+1-590-974-5092x160","zfields@example.com"
363,"Debra","Kristina","Nelson","+1-493-609-5374x075","igillespie@example.net"
364,"Mark","Michael","Thomas","642.553.2383","mooreaudrey@example.net"
365,"Brandon","Ruth","Stewart","(415)405-9222x5436","brockbradley@example.org"
366,"Craig","Anthony","Simon","650-760-7151x312","julianwalker@example.com"
367,"John","Joshua","Nguyen","001-234-393-5150x539","guy08@example.com"
368,"Michael","Paul","Garcia","001-513-838-7642","jamesvaughn@example.net"
369,"Jessica","Shirley","Wells","319.369.5817x46925","alicia53@example.org"
370,"Jonathan","Sharon","Conner","415-521-5912","sarah36@example.com"
371,"Anthony","Jeanette","King","(786)609-5811","ogarcia@example.org"
372,"Nathaniel","Todd","Brown","287-267-1700","jacob36@example.net"
373,"Stephen","Heather","Ward","+1-556-843-9539x2656","lisa85@example.net"
374,"Erik","Morgan","Golden","(368)472-3595","david04@example.com"
375,"Kevin","Ana","English","001-993-766-9673x56629","kevinpowell@example.com"
376,"Heather","Craig","Bartlett",6758442377,"wrightreginald@example.net"
377,"Lisa","Mark","Smith","+1-796-341-2575x966","christina16@example.com"
378,"Albert","Michael","Murphy","371-272-1367x8861","pameladixon@example.net"
379,"Bradley","Andrew","Bright","517.843.3989x01204","wgreen@example.org"
380,"John","Erin","Rogers","+1-684-453-1060","jerrymejia@example.net"
381,"Alexander","Danielle","Nguyen","873-737-1820x857","idavis@example.net"
382,"William","Amanda","White","350-543-6356","ushah@example.com"
383,"Angela","Thomas","Smith","714-778-5970","kevinmartinez@example.net"
384,"Shawn","James","Williams","(695)628-3560x2281","heidihicks@example.org"
385,"Cody","Richard","Gonzalez","374-339-3261","micheal28@example.com"
386,"Alexa","Ronald","Ochoa",9414545935,"bryan00@example.org"
387,"Julia","Ralph","Fitzpatrick","001-633-798-2281x2533","andrewkirk@example.org"
388,"Meghan","Tony","Johnson",8089639048,"lauramcintyre@example.net"
389,"James","Tara","Ball","783.838.2617","angela30@example.org"
390,"Justin","Steven","Hernandez","(917)974-2578","jefferyhenderson@example.org"
391,"Michael","Kristen","Anderson","(317)565-3579x765","amartin@example.net"
392,"Keith","Karen","Reed","(790)282-1708x97953","lisaschroeder@example.net"
393,"Tammy","Michael","Harvey","787-223-7364x23108","bakertonya@example.com"
394,"Tracie","Jane","Lawrence","737.229.4093","dunndenise@example.org"
395,"Alison","Brittany","Huffman","598-227-4012x472","fmiller@example.com"
396,"Linda","Robert","Franklin","001-471-630-7323x1146","marcusscott@example.com"
397,"Patrick","Paul","Ritter","001-652-527-6212","bcarter@example.org"
398,"Felicia","Anne","Oneal","830.706.2232x833","brendashelton@example.org"
399,"Ronald","Laura","Brooks","(663)640-2083x610","danielarmstrong@example.com"
400,"Donna","Cassidy","Cooper","491.746.6305x409","parksapril@example.com"
401,"Colin","Deborah","Chaney","+1-524-597-9745x4380","abigail50@example.com"
402,"Tonya","Connor","Barber","(570)998-4440x36756","calebmayer@example.net"
403,"Jason","Paul","Watson","001-589-748-4614","tararobles@example.org"
404,"Brandy","Angela","Wright","+1-590-980-8886x259","yburns@example.com"
405,"Peter","David","Anderson","001-938-497-0178x88785","martinezrichard@example.net"
406,"Jennifer","April","Sharp",6712864529,"martinezpatricia@example.net"
407,"Dorothy","Allen","Farmer","001-538-657-4271x97376","rreilly@example.com"
408,"Cheryl","Steven","Martinez","278-651-2835x9422","teresa65@example.org"
409,"Monique","Kimberly","Stephens","262.697.4331x388","sparkstaylor@example.net"
410,"Bruce","Steven","Daniels","(205)759-5736x7631","tyler36@example.org"
411,"Cassandra","Michelle","Fox","(621)401-8462","pattersonrhonda@example.com"
412,"Joseph","Jennifer","Wong","731.700.8430x36407","timothy83@example.org"
413,"Adam","Maxwell","Avila","+1-545-987-6752x420","psmith@example.org"
414,"Steven","Ryan","Vargas","(466)939-9942x535","zadkins@example.com"
415,"Nathan","Jason","Moore","001-856-549-9975","hblake@example.net"
416,"Stephen","Bethany","Riley","999.311.5716x5878","vsullivan@example.org"
417,"Brady","Julie","Howell","434-793-3642","michellemurphy@example.net"
418,"Edward","Carol","Wilson","961.704.4171x564","rhaney@example.net"
419,"Michael","Jennifer","Quinn","541-900-8101x00016","rachel57@example.com"
420,"Rhonda","Aaron","Berry","370-659-6241x5108","uwhite@example.org"
421,"Kevin","Donna","Nelson","001-945-942-6658x3477","navarronicholas@example.net"
422,"Shawn","Miguel","Green","+1-268-931-3139x738","carolynsanchez@example.com"
423,"Madison","James","Zavala","239.488.5260x51866","masonvasquez@example.org"
424,"Vanessa","Megan","Wiggins","244-237-3755x63155","bhudson@example.net"
425,"Travis","Garrett","Neal","244.393.7778","josephfry@example.org"
426,"Kristy","Robert","Franklin","993.253.3428","npetty@example.com"
427,"Walter","Robert","Smith","001-793-324-9300x6421","nathanwalker@example.com"
428,"Daniel","Andrew","Larson","913-446-0842x7190","jamesrichard@example.net"
429,"Sandra","Alyssa","Kane","(694)878-3374","christine49@example.net"
430,"Rodney","Travis","Clayton","(918)644-4099x7950","amandafloyd@example.com"
431,"Gary","Amanda","James","+1-499-345-2676x006","hayestravis@example.net"
432,"Cheryl","Sarah","Alvarez","388-498-4547x528","michael51@example.net"
433,"John","Joe","Wood","569.304.3745x07918","nathanlawson@example.net"
434,"Amanda","Heather","Landry","711.737.8315","jessicarobinson@example.org"
435,"William","Timothy","Williams","001-812-741-3073x936","nicholas10@example.org"
436,"Laura","April","Hart","001-640-350-7328x3984","leesandra@example.org"
437,"Megan","Brandi","Heath","+1-547-731-3293x8478","fostertony@example.com"
438,"Melissa","Steven","Miles","+1-330-610-9729x54233","dominiquetrujillo@example.net"
439,"Randall","Cody","Stein","734.880.7463x74818","yevans@example.net"
440,"John","James","Howard","738-308-0361x125","ifitzpatrick@example.net"
441,"Gary","Charles","Blair","433.836.1184x64462","brooke60@example.net"
442,"Brett","Bryan","King","511.422.6671","hhahn@example.com"
443,"Sherry","Christopher","Miller","303.261.9967x57828","kendra79@example.net"
444,"Ashley","Scott","Cox","001-604-749-5072","olivia41@example.net"
445,"Kara","Amber","Liu","+1-484-356-1734x09350","brittanyvelasquez@example.com"
446,"Donald","Johnny","Huffman",4627605124,"rachelnovak@example.net"
447,"Michael","Joseph","Cummings","541-325-3442x767","ffritz@example.org"
448,"Leah","Timothy","Robinson","001-950-425-5764x9306","vanessabutler@example.com"
449,"Ryan","Thomas","Lawson","+1-273-652-8946x2525","vincent78@example.org"
450,"Kelly","Kelli","Moss","001-243-245-8159","michaelcollins@example.org"
451,"Penny","Susan","Mitchell","347.948.1224x2003","rodriguezgary@example.net"
452,"Kimberly","Alexis","Hart","794.577.7664x341","fwilliams@example.org"
453,"Connor","Brian","Harris","001-590-492-7380x16892","kevin21@example.org"
454,"Ashley","Amanda","Smith","676.456.0564x39608","hillsarah@example.net"
455,"Erica","Paul","Palmer","+1-935-746-8607","xwhitaker@example.net"
456,"Michael","Lisa","Robertson","866-656-0761","christinamorris@example.com"
457,"Kevin","Ryan","Allen","001-946-919-8871","taylorsean@example.net"
458,"Kim","Robert","Mcdowell","925-352-9989x8966","bonniecarter@example.org"
459,"Brandon","Laura","Dennis","259.509.9565x53212","charles69@example.com"
460,"Joel","Tiffany","Johnson","+1-491-449-2616","mooretaylor@example.com"
461,"Elizabeth","Emily","Holland","+1-915-647-6577x6115","thomaskimberly@example.net"
462,"Theresa","Dylan","Manning","919-639-0109","michellemccarthy@example.net"
463,"Phyllis","Kristen","Robbins","001-849-249-6034","moniquedavies@example.org"
464,"Jamie","Stephanie","Rhodes","771-249-8887","lukecooper@example.net"
465,"Anita","Rachel","Lewis",4558817154,"zjohnson@example.com"
466,"Nathan","Danielle","Schmidt","(766)459-6131","fishermichelle@example.org"
467,"Cody","Suzanne","Allen","390-733-2930","mary81@example.com"
468,"Emily","Beth","Griffith","905-591-0353","cooksarah@example.net"
469,"Michael","Julie","Jenkins","(279)675-7044","edward02@example.com"
470,"Darren","Jillian","Ellison","001-734-677-0427x38937","christinachavez@example.net"
471,"Danielle","Jennifer","Odonnell","+1-325-985-4701","bradley47@example.org"
472,"Kristie","Derek","Walker","+1-265-714-3319x3498","robinsonjames@example.net"
473,"Philip","Jordan","Moyer","001-573-365-8982","bergjacqueline@example.net"
474,"Laura","Melinda","Hall",3287774814,"pattersontiffany@example.com"
475,"Tracey","Travis","Hernandez","(713)870-5511","brewerstephen@example.com"
476,"Deborah","Courtney","Hester","(380)959-9830","howellbernard@example.net"
477,"Jackie","Diane","Lee","+1-479-681-9041x3207","uguerra@example.com"
478,"Sydney","Jeffrey","Salazar","344-202-4268x484","rebeccagoodwin@example.org"
479,"Tammy","Ralph","Hess","(916)701-0881","jcohen@example.net"
480,"Alexander","Sheila","Taylor",9136651342,"raymondpowell@example.net"
481,"Kayla","Gina","Davis","(226)481-7258x222","tthomas@example.org"
482,"Hailey","William","Griffith","445.943.0165","hulljohn@example.net"
483,"Donald","Rita","Jenkins","+1-910-998-5267","lisaarmstrong@example.com"
484,"Dean","Kimberly","Garcia","001-564-353-6173","kelly16@example.net"
485,"Michael","Michael","Hernandez","643.250.0522","steven60@example.net"
486,"Amanda","Shawn","Guzman","775-408-8534x4470","millerhunter@example.com"
487,"Tonya","Elizabeth","Ferguson","(808)941-7875x453","espinozarebekah@example.com"
488,"Caitlin","Michael","Lozano",3396509714,"fgarcia@example.net"
489,"Eduardo","Gabriella","Perkins",2109789989,"andrewanderson@example.com"
490,"Laura","Dominic","Walton","(556)298-9063x223","millermike@example.org"
491,"John","James","Adkins","001-657-447-7226","taylordestiny@example.com"
492,"David","Jennifer","Parks","369-891-2434","belledward@example.com"
493,"Lisa","Michael","Brady","288-787-3528x10131","pattonjeffrey@example.com"
494,"Nina","Carolyn","Bell",2585650889,"thompsonmelanie@example.com"
495,"Jessica","Colleen","Nelson","626.567.7903x36071","chall@example.net"
496,"Stacey","Taylor","Carter","212-373-1506x8525","nmiller@example.net"
497,"Anthony","Tammy","Woods","585.534.9274x75754","millerjulie@example.net"
498,"Jacob","Brenda","Johnson","(351)366-3505x44346","vholmes@example.org"
499,"Timothy","Jesse","Mann","800.938.6374","francessanchez@example.net"
500,"Maureen","Jason","Johnson",3059247382,"mgreen@example.net"
501,"Emma","William","King","757-885-3729x474","nbarrera@example.net"
502,"Ian","Cynthia","Garcia","+1-275-273-0986x73544","david07@example.net"
503,"Jesse","Cheryl","Mills","+1-693-989-0221x419","valeriehall@example.net"
504,"Leslie","James","Hoffman","001-439-636-2810x353","lthompson@example.net"
505,"Allison","Frederick","Moreno","704.327.3454x2030","martintimothy@example.org"
506,"Christopher","Angela","Ramos","(234)201-7028x9456","fjohnson@example.net"
507,"Erik","Michele","Sullivan","853-230-0298","ncruz@example.org"
508,"Chad","Melissa","Webster","001-220-480-2470","cortezamber@example.com"
509,"Albert","Dustin","Hanna","623.502.5488x1522","fmyers@example.com"
510,"Samuel","Tara","Keller","(354)513-2386x779","christopherrodriguez@example.org"
511,"Jennifer","Melissa","Holmes","001-615-900-8200x7659","ann06@example.org"
512,"Tony","David","Tran","429-976-5105","donna08@example.com"
513,"Edgar","John","Adams","408-858-4355","victoria60@example.net"
514,"Danny","Ricky","Sims","816-290-9133x939","christophervelez@example.org"
515,"Daniel","Christopher","Baker","001-655-987-9270x694","hcervantes@example.org"
516,"Jason","Amber","Newton",7338073421,"sclark@example.com"
517,"Hannah","Joseph","Smith","(698)644-4025x221","jessica47@example.net"
518,"Daniel","Heather","Hall","+1-562-861-4447","pattersonstephanie@example.com"
519,"Tyrone","James","Lang",2014941801,"nelsonelizabeth@example.net"
520,"Hannah","Jesse","Brown","(402)920-5051x22788","brenda34@example.org"
521,"Anthony","Malik","Martin","346.663.3333x326","rodneywolfe@example.net"
522,"John","Christina","Gardner","764.707.7024x078","adkinsashley@example.com"
523,"Courtney","Andrew","Francis","001-318-647-5398x794","staffordlauren@example.com"
524,"Samantha","Andrew","Schaefer","276.934.1871x601","kaitlin13@example.net"
525,"Brian","Wendy","Warren","(652)458-4431","john58@example.org"
526,"Michael","Jeremiah","Vaughn","+1-382-790-1977x3680","matthew35@example.net"
527,"Bryan","Leroy","Smith","760.959.4393x458","yanderson@example.net"
528,"Carolyn","Howard","Watkins","475-543-2415","michael94@example.net"
529,"Gregory","Tina","Contreras","368-759-4697x759","johngibson@example.com"
530,"William","Steven","Sanchez","+1-797-696-7211x343","hector36@example.com"
531,"Tracy","Susan","Oneill","470.834.1741","reyesdanielle@example.org"
532,"Nancy","David","Howard","985-664-5446x536","barbarajones@example.org"
533,"Robin","Lisa","Williams","001-740-646-7447x879","kristin19@example.com"
534,"Emily","Robert","Garcia","468.848.3983","egarcia@example.com"
535,"Omar","John","Perez","(289)210-4544","beverly31@example.org"
536,"Daniel","Gabriela","Lewis","725-880-4902x07269","charles03@example.net"
537,"Kevin","John","Hunter","974.889.9342x214","pamelaandrade@example.org"
538,"Pamela","Daniel","Wright","321-298-1677x18518","eric15@example.com"
539,"Emily","Melanie","Pierce","001-660-431-7610x2471","kaylajackson@example.org"
540,"Christine","Joseph","Bradford","651.944.3351x838","david61@example.net"
541,"Alec","Wanda","Nixon","719.558.1952x5651","danielle69@example.org"
542,"Maria","Colton","Conway",5787649525,"cindymiller@example.org"
543,"James","Michael","Johnson","+1-537-940-5822x42638","prichardson@example.org"
544,"Alison","John","Burns","(221)207-1006","christopherwolfe@example.com"
545,"Sean","Timothy","Watkins","935-416-1437","bakerrichard@example.com"
546,"Thomas","Caroline","Gallagher","(451)924-7205x959","andrea34@example.com"
547,"Deborah","Jared","Rose","+1-806-603-8927x3797","pmedina@example.com"
548,"Julie","Catherine","Chandler",3175612405,"thomasgeorge@example.net"
549,"Reginald","Kenneth","Davis","(646)388-7605","danieljoyce@example.org"
550,"Andrew","Alicia","Webb","620.548.3206x914","wallerrichard@example.com"
551,"Mark","Katherine","Campbell","614-693-8028x0126","ralph43@example.com"
552,"Joel","Tracey","Johnson","+1-980-671-4006x73342","sandracastro@example.org"
553,"Darrell","Aaron","Mueller","001-858-659-1392","smelton@example.org"
554,"Jerry","Brett","Miller","986.601.9930x0833","tony13@example.com"
555,"Robert","Heather","Davis","933.838.0956","russelldavis@example.net"
556,"Tanya","Pamela","Contreras","549.464.4161x456","qsmith@example.net"
557,"Ashley","Ariel","Mccullough","356-659-5864x63659","xpatterson@example.org"
558,"Emily","Matthew","Skinner","(339)634-5085x6388","jchavez@example.com"
559,"Carlos","Anthony","Sharp","+1-938-863-1089","holly68@example.com"
560,"Nicholas","Lauren","Nelson","(218)680-4235x99970","charles43@example.net"
561,"Colleen","Lisa","Carney","+1-937-509-8388x22706","margaret31@example.org"
562,"James","Angela","Richardson","+1-938-307-1629x5203","efoster@example.org"
563,"Michael","Joshua","Hall","903-216-7362x6366","enelson@example.com"
564,"Joel","Brian","Bailey","001-474-242-1416x4104","greensteven@example.org"
565,"Yvette","Autumn","Mcdonald","280-293-8057","shermanbrandon@example.com"
566,"Sarah","Charles","Jacobson","776-845-4917x9874","carolyn02@example.org"
567,"Alejandro","Sarah","Gomez","001-654-442-8540x2369","howardcardenas@example.net"
568,"Angelica","Jennifer","Freeman","733-725-1866x0550","scottbrooks@example.com"
569,"Kristen","Gary","Fox","656.584.2658x304","jonestina@example.org"
570,"Betty","Joy","Bush","426.710.0846x931","david69@example.com"
571,"Rachel","Michael","Mullen","(517)245-3251x3715","qromero@example.com"
572,"Kathryn","Bernard","Hamilton","(984)544-3256x0490","ldunn@example.net"
573,"Shawn","Robert","Olson","918-366-4115x266","tarapalmer@example.com"
574,"Jeremy","John","Johnson","+1-492-347-4428","hardyvictoria@example.net"
575,"Scott","Mary","Simmons","631-338-0918x210","jonesdonald@example.com"
576,"Robin","Teresa","Robertson","+1-519-757-9282","david53@example.org"
577,"Thomas","Stanley","Dudley","001-564-804-8738","louisconway@example.net"
578,"Lauren","Richard","Garza","643-389-2671x776","mariakoch@example.com"
579,"Tom","Michele","Bush","239.837.7509x2027","gonzalezmonique@example.org"
580,"Rebecca","Heather","Cox","001-864-812-9260x4152","katelyn63@example.net"
581,"Christopher","Sharon","Gonzalez","001-574-431-2119x116","erin09@example.org"
582,"Dawn","Dylan","Brewer","366-494-4438","sheltonhoward@example.net"
583,"Anthony","Brian","Gordon","896.952.2758x5763","brittany71@example.com"
584,"Shawn","Shane","Thomas","001-438-955-6472x0949","brian67@example.com"
585,"James","Christopher","Rojas","001-836-940-0766","foxmatthew@example.org"
586,"Mark","Sarah","Morgan","001-669-420-5169x451","fjohnson@example.com"
587,"William","Sara","Reyes",8772750000,"qhall@example.net"
588,"Tina","Matthew","Diaz","886-262-2342x797","alexanderashley@example.com"
589,"Adrienne","Joshua","Garcia","(815)206-3245","doylevalerie@example.com"
590,"Vincent","Roger","Johnson","330-212-3762x55876","smithgabriel@example.net"
591,"Robert","Ronald","Hamilton","+1-314-325-2379x8429","zcarney@example.com"
592,"Brenda","Jeff","Rogers","449.900.5972","herreradavid@example.com"
593,"Richard","Jennifer","Barnes","001-878-462-7757x079","ricardocrawford@example.com"
594,"Jennifer","Frank","Sampson","656.489.7750x3810","wrightangela@example.net"
595,"Keith","Shane","Perez","(246)830-3398x3781","stephanie20@example.com"
596,"Kristen","Edward","Macdonald",9245674563,"tanderson@example.com"
597,"Shannon","Gregory","Sawyer","001-819-202-5914x7873","chambersthomas@example.com"
598,"Michael","Garrett","Davis","001-699-642-6625x279","dfox@example.org"
599,"Jennifer","Michael","Davis","001-685-334-3833x429","rwright@example.net"
600,"Ana","Mary","Graham","001-444-346-1520x163","herreracindy@example.com"
601,"Samuel","Jason","Ayala","557.223.9723","santanaregina@example.com"
602,"Thomas","Jessica","Jones","(758)520-7222","aliciafreeman@example.com"
603,"Abigail","Rhonda","Smith","904.933.0158","padams@example.org"
604,"Stephanie","Michelle","Garcia","693.563.5286","zacharyhiggins@example.com"
605,"Crystal","Timothy","Luna","+1-788-542-8410x8804","lisa07@example.com"
606,"Danielle","Kelly","Hubbard","420.968.9098x6314","ldominguez@example.com"
607,"Jennifer","Mathew","Clark","+1-939-283-7336","rbrown@example.com"
608,"Matthew","Michelle","Hall","827-537-3420","zwade@example.com"
609,"Natalie","Clarence","White","(878)913-7150","williamsrobert@example.com"
610,"Jeremy","Jerry","Moore","(448)235-5316x31761","orandall@example.com"
611,"Sherry","Joshua","Parker","+1-394-202-1165x041","burnsrebecca@example.net"
612,"Angelica","Jeffrey","Chavez","001-328-729-2495x8631","bretttaylor@example.com"
613,"Carol","Steven","Nguyen","(594)682-4157","nreed@example.net"
614,"Joshua","Jessica","Braun","661-235-6202","desiree70@example.org"
615,"Vanessa","Lauren","Mccormick",8359399195,"smithandre@example.com"
616,"Renee","Tonya","Burns","400.251.2002x65141","kwhite@example.com"
617,"Bryan","Ralph","Anderson","001-372-992-0658","stephen57@example.com"
618,"Jared","Tonya","Graham","001-455-885-8312x4142","xibarra@example.com"
619,"Jessica","Justin","Meyer","611-455-7166","dave84@example.org"
620,"David","Melissa","Braun","(670)674-2354x64384","cooperkenneth@example.org"
621,"Debbie","Linda","Miller","001-721-357-1958x2884","sabrina16@example.com"
622,"Amber","Cynthia","Anderson","+1-614-359-8172x1592","jennifer11@example.com"
623,"Sandra","Aaron","Franklin","875-930-2843x83514","ddaniels@example.net"
624,"Ashley","William","Wu","(890)503-9403x7347","paynelinda@example.org"
625,"Luis","Jacob","Rivera","+1-817-268-5346","amandabrown@example.net"
626,"Justin","Brent","Wilcox","(553)855-1183","qbrown@example.org"
627,"Samantha","Nicole","Henson","+1-990-201-8091x2123","brewermiguel@example.net"
628,"Cathy","Heather","Morales","+1-880-548-6645x08883","judy88@example.org"
629,"Derrick","Julian","Jackson","806-315-7548","laura43@example.net"
630,"Hector","Lauren","Johnston","(345)421-2326x706","alyssa56@example.org"
631,"Jennifer","Charles","Rodriguez","216.603.3461","yedwards@example.org"
632,"Jeffrey","Troy","Hardy","326-667-8626x7731","katelyn63@example.org"
633,"Crystal","Kenneth","Ramirez","+1-512-553-1774x815","greenanna@example.org"
634,"Kimberly","Ronald","Cuevas","001-955-242-1087x8824","wellsnicole@example.org"
635,"Emily","Sheryl","Wong","(955)726-7226x69038","sullivananthony@example.com"
636,"Gabriel","Maureen","Foster","605-815-9506","nicholas88@example.net"
637,"Isaac","Patricia","Alvarez","001-271-666-8913x13360","gregorywise@example.net"
638,"Joseph","Bobby","Deleon","(775)214-3758","bferguson@example.org"
639,"Lisa","John","Smith","(413)804-8284","michaelcooper@example.net"
640,"Annette","Mary","Frost","+1-557-625-9066x9103","michaelwelch@example.com"
641,"Eddie","Donna","Rose","+1-963-242-5979x983","john33@example.org"
642,"Brandy","Sean","Tapia","357-351-3487","oconnorkaren@example.net"
643,"Nicole","Tristan","Jackson","(267)856-7361","tyler66@example.com"
644,"Gerald","Kelli","Warren","001-611-867-7896x113","dwiley@example.net"
645,"Mark","Henry","Parsons","(949)471-3245x885","qgarcia@example.com"
646,"Vanessa","Jennifer","Moss","+1-201-440-0843x8387","lyonsjohn@example.com"
647,"Kelsey","Lisa","Brown","+1-857-556-5199x359","dpadilla@example.com"
648,"Todd","Jesse","Brewer","+1-363-871-7473x532","chad35@example.net"
649,"Heather","Debbie","Williams","001-508-644-4457x76267","popetimothy@example.org"
650,"Chelsea","Michael","Ruiz","+1-574-602-8144x0710","bjordan@example.com"
651,"Brian","Gregory","Strickland","920.858.0167x6700","tammy65@example.com"
652,"Jaime","John","Espinoza","249.617.8143x11895","timothysampson@example.com"
653,"Victoria","Carly","Moore","(740)470-5605x4011","michaelmorrison@example.org"
654,"Brandon","Linda","Klein","896.967.5217x83739","michelle61@example.org"
655,"Caitlin","Lisa","Jackson","+1-884-876-8927x4545","johnsondavid@example.org"
656,"Erin","Lisa","Arnold","215-744-8271x1385","iromero@example.com"
657,"Cheryl","Thomas","Wood",7514278902,"steven00@example.com"
658,"Jamie","Nicholas","Shannon",5619913171,"christinasmith@example.org"
659,"Alan","Monica","Bishop","+1-852-732-6618x6157","murillobrian@example.net"
660,"Joshua","Ann","Roberts","(202)666-6775","rvillarreal@example.net"
661,"Stanley","Sarah","Hopkins","(865)239-0140","barbara88@example.net"
662,"Amanda","Jason","Wood","+1-209-772-2681x77352","richardhamilton@example.com"
663,"Diana","Brittany","Jackson","(274)525-2823","julieshields@example.com"
664,"Todd","Edward","Thompson","721.721.8981x0188","larryhernandez@example.com"
665,"Krystal","Cassandra","Novak","(296)966-7131","fuenteskylie@example.org"
666,"Lucas","Joseph","Wagner","226.687.3454","wpowell@example.org"
667,"Daniel","Kristy","Gonzalez","234.394.7314x5410","keith01@example.net"
668,"Courtney","Timothy","Young","001-889-632-4198x9316","ibradley@example.org"
669,"Kyle","Juan","Spears","856.263.4997","stevenbarber@example.com"
670,"Carlos","Daniel","Fisher","517-995-5716x4059","combsdevin@example.com"
671,"Jennifer","Ronald","Dennis","+1-344-706-6269","fyoung@example.net"
672,"Jennifer","Jennifer","Sanford","001-496-817-4813x575","brownrichard@example.org"
673,"Tina","John","Wolfe","+1-853-229-8791x539","laraaimee@example.org"
674,"Ryan","Lisa","Brown","619-644-4677x239","sueporter@example.org"
675,"Johnny","Brittany","Meyer","+1-770-638-6129","youngomar@example.net"
676,"Kayla","Helen","Robinson","537.624.3045x0148","larsonchristine@example.org"
677,"Patricia","Cindy","Bryant","969.579.3481","emilylong@example.org"
678,"Jamie","Mackenzie","Buckley","001-686-670-9008x6830","dmiller@example.com"
679,"Michele","Joseph","Freeman",5635393948,"paularichard@example.org"
680,"Lori","Lisa","Zimmerman","732-990-1372x09387","courtneysaunders@example.com"
681,"William","Susan","Miller","(489)458-7771x48191","robertpope@example.net"
682,"Scott","Elizabeth","Mcdonald","362.695.0968x2274","schmidtdavid@example.net"
683,"Joshua","John","Johnson","864.410.7591","tarawilliams@example.net"
684,"Michael","Randall","Archer","001-832-530-6486","ppowell@example.com"
685,"Daniel","Christopher","Mathews","001-960-918-3201x699","michaeltaylor@example.org"
686,"Tonya","Hannah","Robinson","(700)749-6480x193","rebecca29@example.com"
687,"Casey","Jeffery","Davis","330.556.6697x3624","morrisonlisa@example.com"
688,"Anna","Devin","Schmitt","(849)813-4314x50280","larsonjohnny@example.com"
689,"Andre","Alexandra","Hines","740-684-1372x773","johnny20@example.com"
690,"Shane","Aimee","Dillon","291.500.1430","meyersjuan@example.org"
691,"Joy","Adam","Holloway","950.797.1105","carriejohnson@example.net"
692,"Mariah","Matthew","Hernandez",9116792324,"duffyryan@example.com"
693,"Curtis","Veronica","Francis","518.677.2176","stewartsara@example.com"
694,"William","Nathan","Park",5253476766,"karen16@example.net"
695,"Sarah","Christina","Hubbard","599-932-1080","morgan44@example.com"
696,"Rachael","David","Johnson","295-877-6490","christopherwood@example.org"
697,"Patricia","Kenneth","King","+1-995-297-7154x8403","nguyenamy@example.org"
698,"Brandon","Caleb","Branch","001-540-892-7895x484","denise57@example.org"
699,"Lori","Sandra","Reese","811-371-0994","hsmith@example.net"
700,"Susan","Melissa","Rocha","+1-813-502-6067","benjamin39@example.org"
701,"Sabrina","Gary","Garcia",6113894571,"vbrown@example.com"
702,"Jeffery","Samuel","Brewer","(461)475-3155","jeremy77@example.com"
703,"Brandy","Lucas","Clark","585-450-2337x322","gbarnes@example.com"
704,"Brandon","Gloria","Allen","963.859.3070x24875","hamiltondavid@example.com"
705,"Raymond","Kelly","Diaz","+1-958-728-2970x420","moorechristopher@example.org"
706,"Carla","John","Stewart","596-219-5831x741","wlittle@example.net"
707,"Jennifer","Gabrielle","Lynn","838-850-7274","awood@example.org"
708,"Mark","Michael","Cross","001-267-413-5517","allenthomas@example.net"
709,"Kevin","Mary","Mccarthy","(482)558-4714","cameron96@example.org"
710,"Timothy","Nathan","Lee","507-778-0762x503","alexafisher@example.com"
711,"Laurie","Steven","Mayo","632.970.9498x7364","ocobb@example.org"
712,"Steven","William","Thompson","385-683-1615","anitagarcia@example.org"
713,"Erika","Jeffery","Evans","743.854.8383x92334","ifreeman@example.com"
714,"Charles","John","Williams","(982)202-7182","ibrown@example.org"
715,"Laura","Donna","Jones","001-314-557-6393","jonesalexander@example.org"
716,"Laurie","James","Herrera","606-413-0134","robertspaul@example.org"
717,"Amy","Juan","Leblanc","619-240-2183","emilykennedy@example.net"
718,"Michael","Martin","Allen","(508)900-9398x38544","jason07@example.net"
719,"Erica","Renee","White","(685)495-2388","taylorbarber@example.org"
720,"Richard","Stacey","Greene","+1-334-314-7847x115","fjohnson@example.org"
721,"Kenneth","Bradley","Parsons","001-903-860-6180","lreynolds@example.com"
722,"Robert","Erik","Daniel","+1-971-410-1292x783","torresbradley@example.com"
723,"Monica","Brian","Franco","001-494-340-8316x5946","obryant@example.org"
724,"Audrey","Richard","Smith","922-936-1125","kathy09@example.net"
725,"Pamela","Larry","Hall","+1-753-353-0444x96352","stephanie15@example.net"
726,"Jeremy","Kristina","Harris","651-424-1329x028","dcastillo@example.com"
727,"David","Janice","Brown",9587655584,"janicepotts@example.com"
728,"Amber","Dustin","Young","001-320-594-3447x3648","zmunoz@example.net"
729,"John","Gina","Miller","+1-558-652-3721x3646","tyler87@example.com"
730,"Carlos","Angelica","Holmes",3192176720,"mhughes@example.org"
731,"Gary","Gregory","Smith","666-494-2142x4994","ohobbs@example.com"
732,"Charles","Heather","Nelson","225.910.9785x8173","rodriguezwilliam@example.com"
733,"Steven","Christopher","Sherman","001-826-611-3599x040","thompsonmatthew@example.org"
734,"Lisa","Pamela","Rogers","877-514-3751","markdurham@example.com"
735,"Christina","William","Robertson","+1-323-984-4224x7767","ashleynguyen@example.org"
736,"Debbie","Carolyn","Smith","926.819.2471","hdonaldson@example.com"
737,"Emily","Alexander","King","001-236-208-1517x1599","tasha07@example.com"
738,"Jack","Alexandra","Aguirre","(962)310-2836","alvareznicole@example.com"
739,"Vanessa","Sandra","Carpenter","(433)300-6316x5793","nicolesmith@example.com"
740,"William","Peter","Hamilton","979-972-6388","laura01@example.org"
741,"Joseph","Jessica","Dean","280.649.2480","mariah56@example.net"
742,"Eric","Yolanda","Murphy","(387)929-7383","lauren62@example.net"
743,"Elizabeth","Rebecca","Lopez","001-901-498-5254x00342","martinezadam@example.com"
744,"Jeffrey","Douglas","Richardson","(538)468-4617","pmartinez@example.org"
745,"Amanda","Marc","Allen","(587)682-0312","vneal@example.net"
746,"Susan","Marc","Morton","780.755.6197x4268","charles33@example.com"
747,"Veronica","Haley","Swanson","(215)726-4956","reyesholly@example.org"
748,"Christopher","Erica","Bentley","(674)699-1420x133","antonio85@example.org"
749,"William","Wanda","Allen","+1-208-557-5154","krodriguez@example.com"
750,"Lisa","Mary","Smith","276-539-3503","caitlinhicks@example.net"
751,"Jorge","Annette","Rhodes","(971)213-9965x030","christophergriffin@example.net"
752,"Kelsey","Angela","Flores","001-925-320-1848x10765","meyerjonathan@example.com"
753,"Mike","Joshua","Smith","771.877.0493","charlesbradley@example.org"
754,"Brittany","Kimberly","Marquez","001-774-231-0155x54116","vcrawford@example.org"
755,"Alexander","Makayla","Guerrero","+1-600-803-8541x3370","hinesamber@example.org"
756,"Jessica","Andrea","Lawson","001-701-568-4833x66842","brandon96@example.net"
757,"Kara","Ryan","Mccormick","419-631-3405","justin70@example.com"
758,"Sara","Dillon","Walsh","+1-472-827-3008x66245","oaustin@example.org"
759,"Michael","Jamie","Jimenez","482.531.1082x794","randall38@example.com"
760,"Nicholas","Julie","Robertson","445-486-6015x290","thomas32@example.com"
761,"Jason","Bradley","Mckay","(309)403-6495x223","bjackson@example.com"
762,"Elizabeth","John","Wilson","667-733-8086x683","hubbardtonya@example.org"
763,"Henry","Jesse","Kelly","783.981.6689x53228","lynnfrank@example.com"
764,"Jennifer","Kathy","Mann","949.662.8354","whitney12@example.net"
765,"Jeffrey","Vincent","Reynolds",6212649407,"halvarez@example.com"
766,"David","Richard","Barton","001-271-760-4518x9528","andrew09@example.net"
767,"Kaylee","Jennifer","Jones",5569823888,"jessica94@example.com"
768,"Matthew","Gregory","Garcia","001-807-212-0895x42325","andrew88@example.net"
769,"Aaron","Melanie","Orozco","(415)533-7781x28413","samanthahale@example.net"
770,"Megan","Angela","Rowe","+1-993-644-8740x32838","brianna53@example.com"
771,"David","Chelsea","Davis","(831)847-9302","sheila70@example.com"
772,"Andres","Tiffany","Wang","+1-529-629-3785x2621","wlarson@example.org"
773,"Steven","Mason","Fields","881.917.5022x4930","saundersgregory@example.net"
774,"Jeffrey","Karina","Jackson","+1-607-851-1485","chenjuan@example.net"
775,"Heather","Danielle","Stephens",8232684637,"wheelertammy@example.org"
776,"Emily","Ashley","Nguyen",2568100367,"glennboyd@example.net"
777,"Deborah","Matthew","Hayes","+1-382-495-7767x14050","jennifer51@example.net"
778,"Brittany","Luke","Martin","(934)810-8171","stephen44@example.net"
779,"Whitney","Cheryl","Baker","410.928.2879x73558","matthew10@example.com"
780,"Crystal","Michael","Palmer","(218)671-0492x7298","gary34@example.com"
781,"Scott","Austin","Alexander","001-427-476-4788","amy74@example.org"
782,"Gregory","Sherry","Schmidt","+1-461-889-2004","torressarah@example.org"
783,"Megan","Jennifer","Villa","(450)494-4794","suttonpaul@example.net"
784,"Jennifer","Heather","Rodriguez","232.555.9574x902","daughertyjesse@example.com"
785,"Stephanie","Lindsay","Ward","(726)230-6325","mmorton@example.net"
786,"Jose","Jesse","Parrish","+1-661-404-5568x238","sharon09@example.org"
787,"Patricia","Sherry","Silva","988.813.3619","qevans@example.net"
788,"Lisa","Jenna","Mcbride","994-993-9348x1883","lauren15@example.org"
789,"Karen","Mckenzie","Wang","396-524-2635","thomassmith@example.com"
790,"Sandra","Edward","Brown","248.605.1885x7183","swarren@example.com"
791,"Scott","Amy","Montgomery","537.770.6715","thomasmelissa@example.com"
792,"Kevin","Barbara","Rich","305.410.3511","bpeterson@example.com"
793,"Jared","Jessica","Carpenter","+1-622-806-7920","ariel19@example.com"
794,"John","Linda","Ramos","001-571-436-6222x63694","esnyder@example.org"
795,"Thomas","David","Parsons","+1-929-371-9128x70696","markmiles@example.org"
796,"Michael","Brianna","Garrison","+1-677-932-6907x829","gsnyder@example.com"
797,"Andrea","Amanda","Wood","402.675.2583x5165","maryyoung@example.com"
798,"Christian","John","Alvarez","001-792-743-2174","zporter@example.org"
799,"Jonathon","Shannon","Dixon","894-738-7079","samantha05@example.net"
800,"Patricia","Penny","Booth","445.249.3959","mthompson@example.net"
801,"Scott","Eric","Moore","(701)788-4757x85927","ksilva@example.com"
802,"Angela","Susan","Chaney","541.956.9310x6769","joshuasanchez@example.com"
803,"Ebony","Hannah","Espinoza","498-310-9079x415","kaylarobinson@example.net"
804,"Nicole","April","Moyer","+1-486-777-6825x07115","elizabeth41@example.net"
805,"Lynn","Joseph","Soto","001-308-623-1168","hcummings@example.net"
806,"Andrea","Cathy","Brown","277-720-2568","john31@example.com"
807,"Peter","Katherine","Figueroa","+1-422-575-6014x24580","hbutler@example.com"
808,"Brian","Sarah","Johnson","966-838-1133x8719","lopezamber@example.net"
809,"James","Matthew","Ortiz","001-734-909-5701x60724","christianjulie@example.org"
810,"Tony","Christine","Wang","001-787-389-9139x825","ndelacruz@example.net"
811,"Austin","Joseph","Johnson","001-652-662-9307x509","gday@example.com"
812,"Brittany","Gregory","Cruz","370-362-0994x49810","terryjennifer@example.org"
813,"Sheila","Sean","Powell","687-910-8358x5549","ronaldsmith@example.net"
814,"Edward","Barbara","Davis","(234)681-6280x58379","jamesmclaughlin@example.net"
815,"Darren","Brittany","Boyer","001-395-722-1997x96986","edean@example.net"
816,"Nicholas","Lisa","Williams","635.512.9838x842","flowersclaire@example.net"
817,"Marie","Brian","Simpson","+1-617-311-5921x975","cranemary@example.net"
818,"John","John","Lane","+1-632-991-0287","nicole05@example.org"
819,"Kevin","Douglas","Wilson","001-431-290-1213","richard89@example.org"
820,"Caroline","Kyle","Carney","(401)951-7368x250","lynnbaker@example.com"
821,"Tracy","Molly","Armstrong","841-839-1145","pleblanc@example.net"
822,"Martin","Matthew","Walker","811.585.7390x552","ygordon@example.net"
823,"Sean","Andrea","Jones","+1-712-366-1188x1900","ellenkelley@example.org"
824,"Dalton","Alexandria","Choi","(658)988-9959x739","patricianelson@example.net"
825,"Kevin","Kevin","Walter","(319)661-5109","maureenbrewer@example.org"
826,"Robert","Matthew","Vance","443.754.0856x34001","patricia50@example.net"
827,"Sean","Brandy","West","+1-497-392-3229x91064","sarah96@example.net"
828,"Michelle","Savannah","Perez","215-469-8005x37653","ashleygarcia@example.org"
829,"Austin","Melissa","Petersen","514.292.2706x420","fbrown@example.com"
830,"Jack","Jonathan","Love",7174475694,"ipotter@example.net"
831,"Sean","Angel","Martin","(356)894-8085","mitchellkrystal@example.net"
832,"Kevin","James","Reid","001-561-316-4942x4008","johnjoseph@example.com"
833,"Danielle","Joseph","Jones","(378)288-4046x89283","elee@example.net"
834,"Marie","Nathan","Wade","001-478-671-2747","danielleatkins@example.net"
835,"David","Joshua","Weber","(949)669-9637","taylorparsons@example.net"
836,"David","Douglas","Flores","001-679-999-5824","shannon87@example.net"
837,"Alicia","Jamie","Mcconnell","871.982.6443x50048","dweaver@example.com"
838,"Elizabeth","Timothy","Green","(528)345-3300x60978","charles90@example.org"
839,"Rachel","Carrie","Atkinson","(604)815-0875x5966","changalejandro@example.org"
840,"Matthew","Linda","Mccall","886.478.4678x805","leblancjohnny@example.net"
841,"Paula","Brian","Bell",4306986424,"mcmahonshannon@example.com"
842,"Mariah","Lauren","Moore","839.302.2745x15682","courtney30@example.net"
843,"Melissa","Louis","Jones","+1-304-778-2976","powelltracy@example.com"
844,"Shirley","Jonathan","Boone","(820)208-0134x7536","jmckay@example.com"
845,"Taylor","Aaron","Hall","+1-291-734-9080x3728","jay55@example.net"
846,"Ricky","Abigail","Ramirez","+1-337-777-9518x24190","jacqueline19@example.com"
847,"Carmen","Sierra","Clark","(226)729-4435x8344","atkinskevin@example.com"
848,"Thomas","Amy","Allison","416.986.5296x8258","collinsgary@example.com"
849,"Travis","Kimberly","Cole","(632)500-2839","rowematthew@example.org"
850,"Sarah","Jonathan","Roberts","647.362.7237x1606","natasha36@example.com"
851,"Matthew","Elizabeth","Mccoy","991-966-4953","whiterobert@example.com"
852,"John","Paul","Hester","648.891.7512","johnferguson@example.net"
853,"Joseph","Michael","Grant","001-541-211-1816","jdorsey@example.org"
854,"Gary","Jason","Miller","(682)790-2955x79984","ecunningham@example.com"
855,"Elizabeth","Amy","Payne","(832)325-6152x65382","jenniferhicks@example.net"
856,"Diana","Dustin","Poole","265-611-5723x29774","jamie39@example.org"
857,"Kathleen","William","Grant","298-716-4531x300","alexis93@example.org"
858,"Matthew","Heather","Henderson",8415834270,"bprince@example.com"
859,"Kimberly","Debra","Harrison","(929)969-3399x2186","mcdowellkristin@example.org"
860,"Gabriel","Eric","Gregory","(884)290-1882","mooredonald@example.net"
861,"Sarah","Sierra","Miller","+1-612-294-6543","lindamiranda@example.org"
862,"Larry","Michael","Johnson","+1-777-601-7309","ronniereed@example.com"
863,"Andrew","Casey","Mclaughlin","001-697-443-7916x0447","masonphilip@example.org"
864,"Zachary","Sydney","Mitchell","629-581-2286x883","davidhayes@example.com"
865,"Matthew","Phillip","Jacobson","+1-855-810-6705x3558","acevedochristie@example.com"
866,"Caitlyn","William","King","+1-633-809-0761","anna94@example.com"
867,"Drew","Roger","Johnson","882.995.9624x64922","kevinwalker@example.net"
868,"Melissa","James","Tran",8714702833,"tracy14@example.org"
869,"Vickie","Mackenzie","Garcia","+1-927-847-0927x36724","nperkins@example.org"
870,"Tiffany","John","Jackson","715.877.2438","hopkinsdaniel@example.net"
871,"Benjamin","Amy","Vaughn","+1-545-860-3651","codyscott@example.org"
872,"Dawn","Cody","Tucker","483.381.4193x461","evansphillip@example.com"
873,"Ashley","Jacob","Davis","732-931-5672x611","mdavis@example.com"
874,"Barbara","Eric","Little",7264186458,"williamsjames@example.com"
875,"Brenda","Timothy","Welch","626-361-3811x3259","xweiss@example.org"
876,"Natalie","Roy","Jordan","001-499-775-9910x35269","johnsonalexis@example.net"
877,"Teresa","Robin","Caldwell",7652196897,"michaelcampbell@example.org"
878,"Donald","Eric","Perez","001-675-900-9582x053","marie67@example.com"
879,"Shannon","Jennifer","Ball","+1-337-471-3222x19223","robert68@example.org"
880,"Kim","Jason","Hardy","832.990.7711","kirbyrobert@example.net"
881,"Mary","Sarah","Smith","+1-623-778-5482x7946","karen48@example.net"
882,"Tracy","John","Forbes","(804)428-4266","heatherpayne@example.org"
883,"John","Troy","Brooks","001-593-802-6180x193","sean26@example.net"
884,"Jennifer","Michelle","James","+1-506-991-3386x6309","taylorlee@example.com"
885,"Christina","Kevin","Mcbride","367.516.4144","whitemichael@example.com"
886,"Matthew","Joseph","Moore","262.787.5399x96582","zscott@example.net"
887,"Jennifer","Joshua","Lester","+1-236-682-2306x1867","cbrown@example.org"
888,"Rachel","Joseph","Banks","491-849-8478x48610","adamelliott@example.com"
889,"Samuel","Nicole","Reeves","393.688.4073x280","danielle81@example.org"
890,"Alexis","Leonard","Moore",6373962407,"melissakent@example.org"
891,"Sarah","James","Dillon","001-740-397-0776x589","lauren32@example.com"
892,"Nicole","Aaron","Morgan","001-764-621-3347","christopheranderson@example.org"
893,"John","Ian","Krueger","(279)559-8919x6456","johnherman@example.com"
894,"Lori","Jennifer","Smith","839.337.4074x3607","qmurphy@example.com"
895,"Margaret","Kimberly","Rodriguez","935-254-8557x662","wthomas@example.net"
896,"Nicole","Julie","Burch","001-484-878-8661x6328","williamharrison@example.com"
897,"Daniel","Mallory","Banks",4365675562,"martin02@example.org"
898,"Susan","Michael","Chan","+1-304-666-5704x1734","barbara26@example.net"
899,"Joshua","Pamela","Collins",9667708348,"peterscharles@example.com"
900,"Christopher","Logan","Nguyen","340.792.2611x990","courtney04@example.com"
901,"Madison","John","Smith","318.666.9477x7552","qschwartz@example.net"
902,"Phillip","Nichole","Frazier","487-627-9728x784","ukelley@example.com"
903,"Patrick","Lisa","Freeman","656-626-8394","esmith@example.com"
904,"Mary","Marc","Dean","+1-352-337-3152","laurenbarry@example.net"
905,"Matthew","Teresa","Thompson","+1-361-258-0985x5153","mcdonaldbrian@example.net"
906,"Johnny","Ronald","Thornton","502.919.2059x6082","huntchristopher@example.com"
907,"Susan","Amy","Arnold","001-462-406-7892x558","david99@example.com"
908,"Jennifer","Julie","Ford","(708)826-3658x2659","vazqueztina@example.net"
909,"Kerri","Kenneth","Campbell","+1-771-500-0409x598","pollardemily@example.com"
910,"Darlene","Erica","Walker","963-240-9066","gjones@example.org"
911,"Tyler","William","Hicks","615-884-1129","yowens@example.net"
912,"Daniel","Franklin","Terry","(578)810-0982x1896","fwatkins@example.net"
913,"Andrew","Andrew","Preston","(884)808-6118","kellywright@example.org"
914,"Stephanie","Katherine","Lopez",6114358174,"cleonard@example.net"
915,"Emily","Aaron","Williamson","626.643.8646x932","wandamatthews@example.net"
916,"Donald","Zachary","Wilson","+1-592-786-8818x17394","jordan01@example.org"
917,"Matthew","Brenda","Davis","(507)749-9277x9918","jamierodriguez@example.org"
918,"Ellen","Hayley","Williams","420-889-9837","jessica60@example.org"
919,"Steven","Seth","Matthews","001-793-675-1461x912","tylerthompson@example.net"
920,"Kevin","Timothy","Jones","666-611-0314","chapmancheryl@example.net"
921,"Michael","Chloe","Murillo","349-716-3943","lbrady@example.org"
922,"Anna","Stephanie","Cooper","865-687-0364","jeremy95@example.org"
923,"Samantha","Brenda","Wagner","001-247-698-2799x4805","estradaruben@example.com"
924,"Tamara","Robert","Clark","921-545-3652","bryce61@example.net"
925,"Natalie","Richard","Garza","668.333.7327x8478","delacruzjames@example.com"
926,"Wanda","Carl","Dalton","613.241.9498x45978","hensleyjacob@example.net"
927,"William","Brooke","Hill","001-235-509-3169x6078","hhernandez@example.org"
928,"Jeffrey","Alex","Johnson","(524)766-7210x44754","jennifer92@example.com"
929,"David","Brianna","Black",9138022539,"ilawson@example.com"
930,"Erin","Timothy","Martin","853-325-8105","udiaz@example.net"
931,"Alex","Richard","Mitchell","527.859.4215","rward@example.org"
932,"Eric","Keith","Richard","342.668.2432","thomassean@example.com"
933,"Mark","Benjamin","Lee","413-505-3097x128","lisajohnson@example.com"
934,"Melanie","Robin","Morris","+1-769-250-4232x5390","pattonmatthew@example.com"
935,"Kevin","Anna","Morrison","+1-365-870-7452x850","johnthompson@example.com"
936,"Brandon","Mario","Roberts","+1-745-549-3444","vanessalewis@example.net"
937,"Robert","Kent","Johnson","+1-509-562-6080","emilythompson@example.net"
938,"Natasha","Sheila","Miller","(297)840-3407x83210","josephrivera@example.org"
939,"Andrea","Melinda","Gardner","588.708.9255x1761","anthonypierce@example.net"
940,"Stephen","David","Murphy","(341)467-7197x45592","morenocathy@example.org"
941,"Angela","Susan","Young",4883809782,"lisa09@example.com"
942,"Latoya","Austin","Hall",2189774154,"rgutierrez@example.com"
943,"Jack","Barbara","Campbell","201.589.6444","coxkim@example.org"
944,"Rebecca","Beverly","Logan","001-381-911-7238x91929","dennis74@example.com"
945,"Timothy","Erik","Mendoza","+1-617-356-8166x17347","gregorydelacruz@example.com"
946,"Christopher","William","Curry","(872)734-5111","pcrawford@example.net"
947,"Paul","Alison","May","922.440.1647x186","jacksonmelinda@example.org"
948,"Timothy","Erika","Carr","206.698.4917x5069","debbie17@example.com"
949,"Joel","Darryl","Brown",6652761989,"griggs@example.com"
950,"Michele","Susan","Reynolds","210.792.9512x6296","wardcurtis@example.com"
951,"Cameron","Sheri","Holmes","962.239.5476","dunlapfrank@example.org"
952,"Mark","Anita","Harris","001-746-407-9297x5412","blanchardkevin@example.org"
953,"Philip","Nicole","Gilbert","+1-881-235-2936","pamelasanders@example.net"
954,"Mark","Holly","Sullivan","488.568.1761","marymeyer@example.org"
955,"Kathy","Lauren","Morrow","720.995.3893x468","shepardjoshua@example.net"
956,"Sandra","Dylan","Tyler","(978)900-4854x1462","suarezana@example.net"
957,"Megan","Alexandria","Coleman","787-732-6202","cherylshaw@example.net"
958,"Chad","Jeffrey","Young",9205697467,"lthompson@example.org"
959,"Hannah","Christopher","Roman","724.868.6192x203","xhill@example.org"
960,"Oscar","Elizabeth","Murphy","(337)414-7093x60743","birwin@example.org"
961,"Jacob","Thomas","Carter","(712)417-0217x92247","colton62@example.com"
962,"Stephanie","Donna","Jordan","(563)216-0298","jasonhampton@example.org"
963,"Matthew","Dawn","Anthony","334-321-7779x2745","robersonrebecca@example.org"
964,"Tracy","Teresa","Wilson","546-292-1000","pcline@example.org"
965,"Roy","Stephanie","Lane","001-745-765-3319x58597","josephburnett@example.com"
966,"Karla","Kenneth","Williams","(989)219-5770x8021","farleybrian@example.net"
967,"Caleb","Heather","Olsen","845-499-4697x349","william60@example.org"
968,"Jesse","Jennifer","Carroll","(951)656-9523x936","jjones@example.net"
969,"Stacy","Barbara","Mayer","(710)538-9004x851","franciscourtney@example.net"
970,"Michael","Mary","Miller",2362490753,"gomezsarah@example.net"
971,"Joseph","Emily","Pham","(203)587-0492","ugordon@example.com"
972,"Samantha","Jessica","Ramos","001-749-520-8654x532","lisa23@example.com"
973,"Crystal","Emily","Christensen","471-338-6749x39281","gregorysarah@example.org"
974,"Sharon","Elaine","Alvarez","350.513.1246","shannonwilson@example.com"
975,"Carol","Matthew","Smith","(617)899-4787x3684","ojohnson@example.com"
976,"Cynthia","Joseph","Fox","963-255-1013x43990","matthewjenkins@example.net"
977,"Charles","James","Clay","467-955-1641x642","mclark@example.net"
978,"Annette","Scott","Romero","001-625-555-2323x9996","amy09@example.net"
979,"Rhonda","Deanna","Turner","(395)648-9526x96179","hfarmer@example.com"
980,"Kevin","Debra","Diaz","579.285.6960","jessethompson@example.org"
981,"Lisa","Angela","Brown","656-637-1449x2043","careysamantha@example.org"
982,"William","Beth","Pruitt","(836)420-1573x955","frazierjennifer@example.org"
983,"Samantha","James","Andrews","373-902-8923","thompsonlinda@example.org"
984,"Abigail","Kristin","Valdez","001-989-663-0815x89207","qjohnson@example.org"
985,"Kerry","Alexis","Preston","001-383-975-3116x46919","darrellwright@example.com"
986,"Jody","Lauren","Hopkins","(660)606-5695x17948","barbara04@example.com"
987,"James","Kayla","Daniel","001-812-211-0336x6490","jameswalters@example.org"
988,"Robert","Joshua","Conley","(230)486-5526x2371","zlopez@example.net"
989,"Kimberly","Jessica","West","250.667.5411","brownalexander@example.com"
990,"Matthew","Melinda","Mason","815.985.2729","april47@example.com"
991,"Cory","Joshua","Case","(640)288-8734","michelleking@example.org"
992,"Hunter","James","Castro","+1-389-861-7522x09625","nataliecook@example.com"
993,"Michael","Tammy","Scott","(792)751-6116","isabel34@example.org"
994,"Thomas","Allen","Baker",5855312220,"leechristopher@example.org"
995,"Marc","William","Kirk","877.457.9392","loribrown@example.com"
996,"Raymond","Clinton","Cooper",4064067764,"morenostephen@example.com"
997,"Jennifer","Andrea","Reyes","(219)871-5987x2904","byrderic@example.net"
998,"Gregory","Jeffrey","Martin","(365)451-8573","inorman@example.net"
999,"Luis","Pam","Jackson","+1-490-903-8484x30522","bryantcaleb@example.org"
1000,"Ray","Wanda","Ward","878.618.1850x553","tammyharris@example.com"
